date,Up/Down,원/달러(저가),원/달러(종가), open _x, high _x, low _x, close _x,전일대비,증감률, volume _x, value ,MA(5),WMA(5),중심선, 상한선 ,하한선,%B,band width,전일대비.1,상승분,하락분,AU,AD,RS,RSI, 12EMA ,26EMA,MACD, MACD 시그널 ,%K,%D, open _y, high _y, low _y, close _y, volume _y, 환률 ,  원화환산  ,open,high,low,close,volume,소비자물가지수,등락,등락률,market_premium,price_usd_open,price_usd_high,price_usd_low,price_usd_close,price_usd_adj_close,nvt_golden_cross,stock_to_flow,stock_to_flow_reversion,puell_multiple,stablecoin_supply_ratio,mpi,outflow_total,outflow_top10,outflow_mean,outflow_mean_ma7,reserve_x,reserve_usd_x,reserve_y,reserve_usd_y,reserve_bi,reserve_usd_bi,FGI,reserve_co,reserve_usd_co,reserve_der,reserve_usd_der,reserve_spot,reserve_usd_spot,reserve_all,reserve_usd_all,reserve,reserve_usd
2018-02-01,Down,1068.5,1071.9,11439000,11490000,10011000,10070000,-1359000,-0.1189,22226,237000000000.0,11877400,11341133,12472700,14525823,10419576.71,-0.09,0.33,-1359000,0,1359000,261666.6667,642666.6667,0.407157676,28.93475857,12957482,15148589,-2191106,-1901065,1.657769036,16.04829518,10285.1,10335.0,8750.99,9224.52,33565,1072,9888685,10099.99,10166.25,8400.0,9014.23,38171.970030000004,247.87,1,1.34,51.312678600000005,14.25,14.25,12.05,13.11,13.11,-0.974257771,8419.788648,1.08688437,1.7846895630000001,66.50779752,0.001604595,1596.3743550000002,1546.358399,8.58265782,2.54063179,642450.9528,5879284961,642450.9528,5879284961,151633.7371,1387651378.0,30,631190.6195,5776237860,642450.9528,5879284961,1393822.705,12755340828,2036273.658,18634625789.0,642450.9527643091,5879284960.569098
2018-02-02,Down,1070.7,1079.7,10061000,10120000,7830000,9410000,-660000,-0.0655,52018,466000000000.0,11089000,10518667,12099600,14788820,9410380.158,0.0,0.44,-660000,0,660000,238000.0,645142.8571,0.36891054,26.94920738,12411716,14723508,-2311792,-1983211,27.92012723,20.67948803,9224.52,9250.0,8010.02,8873.03,49972,1080,9582872,9014.22,9090.08,7540.0,8787.52,52039.26808,247.87,1,1.34,42.72191101,11.89,13.1,11.64,12.0,12.0,-1.198092806,8019.846331000001,1.10322147,1.719646515,64.55209711,-0.615347365,946.3666548,890.8949016,6.26732884,3.326605667,661565.8893,5853314467,661565.8893,5853314467,150398.1722,1330672895.0,15,631669.5173,5588801332,661565.8893,5853314467,1398605.628,12374396391,2060171.517,18227710858.0,661565.8893296791,5853314466.828096
2018-02-03,Up,1070.7,1079.7,9410000,10200000,8400000,9520000,110000,0.0117,25406,236000000000.0,10411200,9995667,11706600,14630024,8783175.679,0.13,0.5,110000,110000,0,195333.3333,673166.6667,0.290170834,22.49088467,11966837,14338063,-2371226,-2060814,32.96274625,20.84688084,8873.03,9473.01,8229.0,9199.96,28725,1080,9935957,8787.52,9499.0,8115.48,9240.0,23700.985090000002,247.87,1,1.34,46.18835378666667,11.58,12.44,10.96,11.35,11.35,-0.999547972,8528.431542,1.06725427,1.583933544,67.25673783,-0.947008113,145.3674097,122.51856240000001,0.68569533,3.184919996,659549.6535,6003224244,659549.6535,6003224244,149015.1937,1356337038.0,40,631970.2084,5752195997,659549.6535,6003224244,1397086.2230000002,12716285790,2056635.8769999999,18719510034.0,659549.6535006891,6003224243.911539
2018-02-04,Down,1070.7,1079.7,9524000,10158000,8765000,8900000,-620000,-0.0651,18781,178000000000.0,9865800,9491933,11299300,14522983,8075617.255,0.13,0.57,-620000,0,620000,195333.3333,760333.3333,0.256904866,20.43948378,11495016,13935244,-2440228,-2136697,26.28992629,29.05759992,9199.96,9368.0,7930.0,8184.81,32014,1080,8839595,9227.8,9350.0,7859.0,8167.91,24062.181959999998,247.87,1,1.34,49.654796563333335,11.270000000000001,11.78,10.28,10.700000000000001,10.700000000000001,-1.1219994979999999,7571.180807,1.08573883,1.6933663769999998,59.56449053,-0.495009694,1653.312875,1625.669332,5.13451203,3.639218969,681863.9489,5605143266,681863.9489,5605143266,144085.2127,1184427276.0,24,632632.5583,5200445235,681863.9489,5605143266,1394810.2240000002,11465793353,2076674.1730000002,17070936619.0,681863.9489304092,5605143265.991366
2018-02-05,Down,1087.6,1088.5,8900000,9250000,7715000,7832000,-1068000,-0.12,20710,176000000000.0,9146400,8814000,10794900,14426556,7163243.688999999,0.09,0.67,-1068000,0,1068000,281000.0,804285.7143,0.34937833,25.89179939,10931475,13483151,-2551677,-2219693,3.099337748,20.78400343,8179.99,8382.8,6625.0,6939.99,63403,1089,7557649,8167.9,8349.16,6425.75,6905.19,59578.698220000006,247.87,1,1.34,53.12123934,10.96,11.12,9.6,10.05,10.05,-1.508321526,7285.703698,0.9511106,1.577574946,50.40168467,-0.850114645,174.7745697,126.96872990000001,0.69354988,3.528467496,701178.4092,4858822798,701178.4092,4858822798,139922.2262,969592465.4,11,636265.001,4409004687,701178.4092,4858822798,1398035.1840000001,9687698785,2099213.5930000003,14546521583.0,701178.4091652491,4858822798.094686
2018-02-06,Up,1088.4,1091.5,7831000,8698000,6620000,8642000,810000,0.1034,44456,335000000000.0,8860800,8645867,10369100,13911009,6827191.198,0.26,0.68,810000,810000,0,460000.0,804285.7143,0.571936057,36.38418079,10579248,13124548,-2545300,-2284814,56.48044693,28.62323699,6939.63,7878.0,6000.01,7652.14,100202,1092,8356137,6905.2,7948.89,5873.0,7688.46,91895.11063,247.87,1,1.34,68.86220686,10.15,12.75,10.0,12.31,12.31,-2.183417254,7929.559904000001,0.98350509,1.293282482,55.99384401,-0.7921044770000001,314.3379171,253.85121719999998,1.53335569,3.465073116,713076.4040000001,5561113519,713076.4040000001,5561113519,140331.9541,1094415581.0,8,636202.1171,4961589214,713076.4040000001,5561113519,1398164.7480000001,10903954809,2111241.152,16465068328.0,713076.4040281391,5561113519.3695
2018-02-07,Down,1079.5,1086.6,8646000,9199000,7990000,8387000,-255000,-0.0295,33928,294000000000.0,8656200,8487933,9872600,12966381,6778819.116,0.26,0.63,-255000,0,255000,460000.0,777428.5714,0.59169423,37.17386285,10241979,12773618,-2531639,-2334179,49.3575419,36.31244219,7655.02,8476.0,7150.01,7599.0,60778,1087,8260113,7688.47,8650.0,7212.82,7575.75,50916.5789,247.87,1,1.34,90.10840883,13.1,14.4,13.05,13.69,13.69,-1.6932055519999998,9561.462295000001,0.79940936,1.234909688,55.30268224,-0.264701165,1598.8446210000002,1569.064386,12.490973599999998,5.055439027,709512.6482,5423175890,709512.6482,5423175890,139288.2148,1064652603.0,36,638268.3898,4878618799,709512.6482,5423175890,1401949.553,10715832949,2111462.201,16139008840.0,709512.6481716591,5423175890.334661
2018-02-08,Up,1085.3,1087.9,8410000,9690000,8410000,9480000,1093000,0.1303,38114,351000000000.0,8648200,8762533,9529700,11869555,7189844.782000001,0.49,0.49,1093000,1093000,0,671000.0,693333.3333,0.967788462,49.18152944,10124751,12529646,-2404895,-2348322,80.83663086,62.22487323,7599.0,7844.0,7572.09,7784.02,1522,1088,8469014,7575.76,8625.0,7550.0,8218.1,31649.576589999997,247.87,1,1.34,78.36768942,14.66,14.95,13.76,13.945,13.945,-1.4889118959999998,10292.34491,0.79840115,1.164798378,60.04417283,-0.843756443,390.04247319999996,374.9923473,3.64525676,4.3500960189999995,709088.9812,5826881976,709088.9812,5826881976,139872.8133,1149393654.0,30,640700.9187,5264908543,709088.9812,5826881976,1405915.009,11552994113,2115003.99,17379876089.0,709088.9812085791,5826881975.963002
2018-02-09,Up,1089.0,1092.1,9479000,9934000,9041000,9929000,449000,0.0474,29459,277000000000.0,8854000,9189467,9359900,11274033,7445767.413,0.65,0.41,449000,449000,0,615500.0,792400.0,0.776754165,43.71759358,10094636,12337006,-2242370,-2327132,99.84912492,76.68109923,7789.9,8738.0,7789.9,8683.92,20483,1092,9482841,8218.07,8700.0,7750.0,8671.01,27553.94163,247.87,1,1.34,73.88907587,14.6,14.67,13.54,14.34,14.34,-0.925842745,9988.386545000001,0.8700848,1.206376286,63.26999133,-0.83448827,244.4935266,225.07583739999998,1.6746131999999998,3.693993784,692927.0125,6022050814,692927.0125,6022050814,140011.0344,1216799964.0,44,638928.0197,5552759428,692927.0125,6022050814,1401676.755,12181612913,2094603.767,18203663727.0,692927.0125002691,6022050814.370987
2018-02-10,Up,1089.0,1092.1,9929000,10656000,9475000,9959000,30000,0.003,33057,335000000000.0,9279400,9557800,9212900,10630139,7795661.149,0.76,0.31,30000,30000,0,498400.0,650750.0,0.7658855170000001,43.371187400000004,10073769,12160857,-2087089,-2279123,82.73042616,87.80539398,8683.93,9065.78,8120.0,8533.98,49382,1092,9319106,8671.0,9090.0,8155.0,8547.49,24910.69249,247.87,1,1.34,74.57570750666666,14.621666666666666,14.796666666666667,13.816666666666666,14.516666666666666,14.516666666666666,-0.85462375,9430.59569,0.90544227,1.319419533,62.30525599,-1.0558574840000001,111.69749650000001,107.4453814,1.25502805,3.77532703,681544.5755,5819613714,681544.5755,5819613714,136131.9031,1162411262.0,54,638893.2272,5455419822,681544.5755,5819613714,1409534.751,12035819901,2091079.326,17855433615.0,681544.5754732891,5819613713.72585
2018-02-11,Down,1089.0,1092.1,9958000,10045000,9021000,9320000,-639000,-0.0642,17673,167000000000.0,9415000,9571333,9137900,10440515,7835284.953,0.57,0.29,-639000,0,639000,498400.0,645500.0,0.77211464,43.57024215,9957804,11950424,-1992619,-2221822,49.88747187,77.48900765,8533.99,8549.0,7726.53,8063.88,45025,1092,8805757,8547.48,8547.49,7851.0,8072.99,16804.113380000003,247.87,1,1.34,75.26233914333334,14.643333333333333,14.923333333333334,14.093333333333332,14.693333333333333,14.693333333333333,-0.443915092,8931.961481,0.90133981,1.302114745,58.78106415,-1.072863482,106.028168,104.0243321,1.49335448,3.2551616660000002,685087.0454,5515452542,685087.0454,5515452542,130914.4966,1053957592.0,31,639463.4469,5148149155,685087.0454,5515452542,1408060.3480000002,11335917206,2093147.3930000002,16851369748.0,685087.0453928891,5515452541.673508
2018-02-12,Up,1081.6,1084.6,9319000,10195000,9305000,10140000,820000,0.08800000000000001,14757,145000000000.0,9765600,9813000,9210900,10641828,7779971.504,0.82,0.31,820000,820000,0,640400.0,645500.0,0.992099148,49.80169531,9985834,11816318,-1830484,-2143555,77.02582369,69.88124057,8063.82,8989.0,8053.0,8903.0,41988,1085,9659755,8073.0,8950.0,8072.99,8872.28,19718.28617,247.87,1,1.34,75.94897078,14.665,15.05,14.37,14.87,14.87,-0.270725434,8125.856528,1.09410743,1.506038795,64.84405556,-0.808410263,244.61494390000001,236.22437119999998,1.78551054,3.4111560460000003,682954.8976,6071851494,682954.8976,6071851494,127925.3385,1137327898.0,42,639306.0817,5683789078,682954.8976,6071851494,1402092.023,12465383254,2085046.92,18537234748.0,682954.8975846091,6071851494.269822
2018-02-13,Down,1080.4,1084.5,10149000,10220000,9630000,9906000,-234000,-0.0231,13736,136000000000.0,9850800,9859800,9249500,10731608,7767391.704,0.72,0.32,-234000,0,234000,640400.0,549000.0,1.166484517,53.84227342,9973552,11674813,-1701261,-2055096,54.12844037,60.34724531,8903.0,8950.0,8351.0,8539.9,35455,1085,9265792,8872.27,8925.0,8393.1,8520.01,13952.55755,247.87,1,1.34,77.67699948,14.695,14.7,14.05,14.39,14.39,-0.6768734790000001,8225.952339,1.03296125,1.477464226,62.14281183,-0.969516295,238.73407659999998,230.71176040000003,1.95683669,3.471653331,680634.7182,5783414457,680634.7182,5783414457,125293.5711,1064630750.0,35,639187.1889,5431231071,680634.7182,5783414457,1401291.6519999998,11906901285,2081926.37,17690315742.0,680634.7181790591,5783414457.492102
2018-02-14,Up,1076.0,1077.2,9906000,10510000,9896000,10473000,567000,0.0572,17265,177000000000.0,9959600,10067200,9406800,11033942,7779657.522999999,0.83,0.35,567000,567000,0,628166.6667,376000.0,1.670656028,62.5560166,10050390,11585790,-1535400,-1951157,88.80733945,73.3205345,8535.17,9489.6,8533.0,9449.99,40812,1077,10177639,8520.01,9482.5,8520.0,9472.98,24374.64431,247.87,1,1.34,82.79481853,15.205,16.5875,15.2,16.44,16.44,-0.915601427,7537.626724,1.25597126,1.67708976,69.0032413,-0.940196468,127.98736029999999,117.7033271,0.95512955,1.82367561,676098.179,6400650195,676098.179,6400650195,124181.6921,1175633357.0,55,639137.5876,6050742705,676098.179,6400650195,1401043.2040000001,13263735553,2077141.3830000001,19664385748.0,676098.1790235392,6400650194.988454
2018-02-15,Up,1076.0,1077.2,10473000,11459000,10355000,11357000,884000,0.0844,26679,293000000000.0,10239200,10533000,9759300,11396334,8122265.596,0.99,0.34,884000,884000,0,640500.0,376000.0,1.703457447,63.01032956,10251407,11568842,-1317435,-1824412,95.81624282,79.58400755,9449.98,10219.5,9301.5,10000.09,52428,1077,10770097,9472.98,10249.81,9342.46,10031.23,32372.7974,247.87,1,1.34,95.89552631,17.36,19.41,16.44,18.64,18.64,-0.50571851,10300.505220000001,0.97646424,1.3453045190000001,72.94285465,-0.950315881,143.5419133,126.1848037,1.17657306,1.47100651,679153.8974,6830980837,679153.8974,6830980837,125036.8311,1257629825.0,71,636635.6441,6403329056,679153.8974,6830980837,1391361.3180000002,13994416493,2070515.216,20825397330.0,679153.8974167992,6830980836.760473
2018-02-16,Up,1076.0,1077.2,11357000,11800000,11151000,11462000,105000,0.0092,20285,232000000000.0,10667600,10940600,10041300,11779724,8302876.335,0.91,0.35,105000,105000,0,564000.0,436500.0,1.29209622,56.37181409,10437652,11560928,-1123276,-1684185,86.45290581,90.35882936,10000.89,10323.37,9666.0,10159.98,38161,1077,10942298,10031.23,10307.68,9729.58,10167.49,17843.54691,247.87,1,1.34,83.83156133,17.75,19.4,17.49,17.76,17.76,0.150834246,8595.689068000001,1.18577172,1.621386575,74.06766859,-0.9670910309999999,248.3351495,235.39970469999997,2.05235661,1.524969854,675754.7204,6887646881,675754.7204,6887646881,124602.795,1270017103.0,67,636851.0632,6491120383,675754.7204,6887646881,1391451.259,14182401745,2067205.979,21070048626.0,675754.7203549992,6887646881.086338
2018-02-17,Up,1076.0,1077.2,11452000,12318000,11400000,12300000,838000,0.0731,34046,406000000000.0,11099600,11484733,10432600,12264446,8600753.675,1.01,0.35,838000,838000,0,527571.4286,436500.0,1.208640157,54.72327184,10724167,11615674,-891507,-1525649,99.33035714,93.86650193,10156.07,11075.07,10050.0,11039.55,41882,1077,11889595,10167.49,11149.0,10057.0,11121.5,20781.561680000003,247.87,1,1.34,84.7486339925,18.3275,19.65,18.0,18.317500000000003,18.317500000000003,0.187070536,9058.202575,1.21736072,1.624888958,80.71230106,-0.7374766009999999,116.06066329999999,109.43927590000001,0.60764745,1.432486911,675138.0809,7444815132,675138.0809,7444815132,122851.6289,1354697197.0,74,636575.2621,7019579072,675138.0809,7444815132,1389852.049,15326037527,2064990.13,22770852660.0,675138.0809337791,7444815132.264876
2018-02-18,Down,1076.0,1077.2,12300000,12755000,11522000,11966000,-334000,-0.0272,44163,538000000000.0,11511600,11773533,10681200,12601096,8761304.002999999,0.83,0.36,-334000,0,334000,540666.6667,402333.3333,1.343827672,57.33474726,10915218,11641624,-726406,-1365801,72.40293809,86.06206701,11039.55,11274.0,10080.0,10383.43,61137,1077,11182954,11121.5,11299.1,10159.0,10380.04,26975.9358,247.87,1,1.34,85.66570665500001,18.905,19.9,18.509999999999998,18.875,18.875,0.036883626,8332.309775,1.25903264,1.759355646,75.74402914,-0.959942082,120.6637118,114.309748,1.06782046,1.371696337,668923.0394,7017437483,668923.0394,7017437483,121181.164,1271269178.0,63,636854.1999,6681014512,668923.0394,7017437483,1391436.07,14597068812,2060359.11,21614506295.0,668923.0393563391,7017437482.823579
2018-02-19,Up,1066.4,1067.6,11966000,12663000,11862000,12649000,683000,0.0571,22700,278000000000.0,11946800,12152667,10953200,13124061,8782339.01,0.89,0.4,683000,683000,0,649500.0,402333.3333,1.6143330569999998,61.74932657,11181954,11716245,-534291,-1199499,95.58333333,89.10554286,10375.01,11250.0,10270.33,11153.0,40831,1068,11911404,10380.03,11274.11,10297.39,11140.0,17634.43505,247.87,1,1.34,86.5827793175,19.482499999999998,20.15,19.02,19.432499999999997,19.432499999999997,-0.056337066,8333.309775,1.33878378,1.7820976080000002,81.26463525,-0.927382687,121.14193909999999,111.6168925,0.84126347,1.236803899,670106.3726,7476041746,670106.3726,7476041746,120269.88900000001,1341791016.0,67,636550.4086,7101674634,670106.3726,7476041746,1388743.696,15493519046,2058850.0690000001,22969560792.0,670106.3726229192,7476041746.167598
2018-02-20,Up,1068.6,1073.5,12649000,14149000,12645000,13548000,899000,0.0711,41016,547000000000.0,12385000,12686400,11312100,13860673,8763527.466,0.94,0.45,899000,899000,0,685142.8571,284000.0,2.412474849,70.69575472,11545961,11851930,-305969,-1020793,79.9533022,82.64652454,11147.11,11786.01,11100.59,11200.99,48153,1074,12029863,11140.0,11775.0,11000.0,11235.57,28425.12095,247.87,1,1.34,87.49985198,20.06,20.4,19.53,19.99,19.99,0.630165698,9575.441019,1.16570088,1.6471681619999998,81.76238470000001,-0.617673082,127.3871322,118.36784420000001,0.95065024,1.093062977,676962.3219,7556321133,676962.3219,7556321133,120120.1174,1340792763.0,74,637238.3922,7112918658,676962.3219,7556321133,1395819.7319999998,15580279431,2072782.054,23136600565.0,676962.3218927091,7556321133.198608
2018-02-21,Down,1072.4,1076.2,13542000,13650000,12411000,12815000,-733000,-0.0541,37638,493000000000.0,12655600,12829733,11661600,13968702,9354498.06,0.75,0.4,-733000,0,733000,662666.6667,433666.6667,1.5280553419999998,60.44390392,11741198,11923269,-182071,-853048,51.473263,75.66996618,11195.07,11304.03,10200.0,10437.6,68114,1076,11230858,11235.57,11279.99,10250.0,10454.27,30042.030889999998,247.87,1,1.34,79.95097293,18.19,18.7,17.75,17.86,17.86,0.96202361,7989.977418,1.30769143,1.820263061,76.11673414,-0.899722028,336.1099181,327.1348228,2.07475258,1.253009124,678747.2701,7091839945,678747.2701,7091839945,118962.3588,1242969284.0,54,636354.3641,6648900846,678747.2701,7091839945,1393243.929,14557204700,2071991.199,21649044645.0,678747.2700581892,7091839945.157735
2018-02-22,Down,1077.0,1084.3,12823000,13031000,11660000,11763000,-1052000,-0.0821,37220,455000000000.0,12548200,12532200,11823900,13896425,9751374.883,0.49,0.35,-1052000,0,1052000,662666.6667,706333.3333,0.9381783859999999,48.40516192,11744552,11911397,-166845,-715808,9.173962695,46.86684263,10439.02,10933.44,9679.0,9811.04,67060,1084,10635167,10453.83,10900.0,9715.27,9830.0,28095.90851,247.87,1,1.34,81.23178327,17.01,17.24,16.28,16.92,16.92,1.215144392,9063.457608,1.09074488,1.526116326,71.61963932,-0.715830442,121.4313432,115.21575049999998,1.02043146,1.230703181,681997.7606,6742175301,681997.7606,6742175301,116953.7847,1156195759.0,44,636532.5854,6292710217,681997.7606,6742175301,1416660.364,14004991030,2098658.125,20747166331.0,681997.7605664493,6742175301.139072
2018-02-23,Up,1076.4,1079.0,11761000,12170000,11271000,12065000,302000,0.0257,31053,365000000000.0,12568000,12371133,12039800,13671003,10408596.57,0.51,0.27,302000,302000,0,618500.0,706333.3333,0.875648891,46.68511762,11793852,11922775,-128923,-598431,27.5886032,29.41194297,9815.55,10435.0,9570.19,10131.04,57203,1079,10931392,9830.0,10390.77,9576.43,10144.99,20779.943180000002,247.87,1,1.34,78.65652473,17.72,18.25,17.13,17.21,17.21,1.7028485309999999,9125.697187,1.11780775,1.49433542,73.87978411,-1.054668486,133.7217009,123.68373170000001,0.79596251,1.05121831,702377.4846,7164794685,702377.4846,7164794685,141010.2253,1438413581.0,39,634880.3504,6476271607,702377.4846,7164794685,1416464.876,14449039490,2118842.36,21613834176.0,702377.4845722393,7164794685.187385
2018-02-24,Down,1076.4,1079.0,12065000,12359000,11281000,11553000,-512000,-0.0424,21762,258000000000.0,12348800,12032800,12147800,13461959,10833641.17,0.27,0.22,-512000,0,512000,565400.0,657750.0,0.8595971109999999,46.22491109,11756798,11895384,-138587,-506462,9.798471161,15.52034568,10131.04,10496.97,9352.0,9694.51,40888,1079,10460376,10144.99,10494.14,9372.72,9688.62,19729.38571,247.87,1,1.34,79.71227331,17.83,18.23,17.256666666666668,17.413333333333334,17.413333333333334,2.6341926019999997,9315.504715000001,1.03946524,1.469624695,70.55710653,-0.5609531999999999,1664.875416,1659.512475,13.99054971,2.96306149,714289.5119,6916567725,714289.5119,6916567725,152242.9822,1474190618.0,31,635050.4064,6149284109,714289.5119,6916567725,1416445.4730000002,13715644534,2130734.984,20632212259.0,714289.5118749493,6916567724.979455
2018-02-25,Down,1076.4,1079.0,11553000,11613000,10805000,11230000,-323000,-0.027999999999999997,16500,186000000000.0,11885200,11659867,12135100,13481638,10788561.79,0.16,0.22,-323000,0,323000,680500.0,590800.0,1.15182803,53.52788484,11675752,11846097,-170345,-439239,14.93848858,17.44185431,9694.51,9847.0,9274.8,9590.0,28374,1079,10347610,9688.61,9850.0,9324.75,9597.99,11707.16167,247.87,1,1.34,80.76802189,17.94,18.21,17.383333333333333,17.616666666666667,17.616666666666667,3.5841573510000004,7900.112184999999,1.20884992,1.611690488,69.8538769,-1.133438495,134.0727004,131.2354029,1.24141389,2.9878605510000003,717930.1046,6856268396,717930.1046,6856268396,153245.3572,1463500823.0,33,635162.0132,6065828985,717930.1046,6856268396,1417795.26,13540015625,2135725.365,20396284021.0,717930.1046068394,6856268395.5005455
2018-02-26,Up,1072.7,1073.4,11230000,11884000,10828000,11773000,543000,0.0484,24307,276000000000.0,11676800,11622467,12166200,13462548,10869852.27,0.35,0.21,543000,543000,0,606750.0,590800.0,1.0269972920000001,50.66594297,11690713,11840682,-149969,-381385,43.48607367,22.74101114,9590.0,10444.32,9350.0,10324.0,34878,1073,11077652,9600.0,10447.74,9404.0,10300.0,19118.99382,247.87,1,1.34,81.82377047,18.05,18.19,17.51,17.82,17.82,3.8063453889999996,9581.987118000001,1.07372561,1.380917736,75.15591711,-0.921866877,133.82971329999998,124.8777592,0.96978053,3.006220131,722703.702,7435482836,722703.702,7435482836,154431.4694,1588856591.0,37,634761.4502,6530695573,722703.702,7435482836,1418006.091,14589049315,2140709.793,22024532151.0,722703.7020433093,7435482835.694935
2018-02-27,Up,1068.7,1071.3,11778000,12165000,11463000,11951000,178000,0.0151,20616,245000000000.0,11714400,11713867,12131300,13430149,10832450.96,0.43,0.21,178000,178000,0,521000.0,655000.0,0.795419847,44.30272109,11730757,11848854,-118096,-328727,73.74517375,44.05657867,10321.0,10870.0,10121.0,10569.04,30705,1071,11319442,10300.0,10845.07,10133.33,10566.57,18240.52935,247.87,1,1.34,80.89820766,18.555,18.76,18.0601,18.16,18.16,3.925767622,8445.126148000001,1.25787641,1.658206558,76.97854171,-0.745201265,229.7855761,223.3233081,1.65313364,3.1065749030000003,721895.105,7668637558,721895.105,7668637558,155269.2101,1649413174.0,44,634875.6679,6744236604,721895.105,7668637558,1416672.938,15049210368,2138568.043,22717847925.0,721895.1049650593,7668637557.910953
2018-02-28,Down,1079.0,1082.8,11957000,12405000,11777000,11860000,-91000,-0.0076,21114,254000000000.0,11673400,11762400,12120700,13426484,10814916.24,0.4,0.22,-91000,0,91000,480500.0,542200.0,0.886204353,46.98347511,11750641,11849679,-99039,-282789,65.9375,61.05624914,10584.33,11098.0,10300.0,10326.76,30801,1083,11183881,10556.3,11044.0,10263.0,10307.27,19688.06956,247.87,1,1.34,81.95697817,17.86,18.1,17.54,17.83,17.83,3.932999117,8718.549575,1.18337631,1.613950721,75.13834895,0.913470825,138.7138431,134.78080219999998,1.59441199,3.037954819,723815.6417,7467841216,723815.6417,7467841216,156293.6602,1612532488.0,41,634804.7369,6549486782,723815.6417,7467841216,1414035.12,14589059893,2137850.762,22056901109.0,723815.6417146192,7467841215.653284
2018-03-01,Up,1079.0,1082.8,11865000,12250000,11603000,12214000,354000,0.0298,20882,249000000000.0,11805600,11942600,12077200,13337892,10816508.19,0.55,0.21,354000,354000,0,344250.0,542200.0,0.634913316,38.83467765,11821927,11876666,-54739,-237179,88.0625,75.91505792,10325.64,11060.41,10240.0,10920.0,25093,1083,11826360,10307.26,11075.0,10213.99,10895.92,15390.55106,248.99,1,1.12,74.67251437,17.9401,18.15,17.68,18.1,18.1,3.960500536,8191.152628,1.33295343,1.715216712,79.45798331,-0.676534692,204.7622447,198.14553069999997,1.4522145,3.09963811,735020.9190000001,8025270777,735020.9190000001,8025270777,158866.9672,1734577067.0,38,640957.3944,6998245238,735020.9190000001,8025270777,1419232.72,15495786007,2154253.639,23521056785.0,735020.9189792892,8025270777.306446
2018-03-02,Up,1079.5,1080.3,12214000,12581000,12123000,12465000,251000,0.0206,23945,296000000000.0,12052600,12162400,11968900,12827552,11110248.29,0.79,0.14,251000,251000,0,325600.0,494500.0,0.6584428720000001,39.70247531,11920861,11920246,615,-189620,93.38277239,82.46092413,10923.36,11200.0,10770.0,11039.0,23911,1080,11922120,10895.93,11149.0,10765.0,11000.0,13838.03908,248.99,1,1.12,71.88043281,17.925,18.05,17.32,18.0,18.0,3.968293374,8664.719126,1.27276197,1.656946395,80.30040232,-0.27459822300000003,137.3394004,128.09634499999999,0.86923671,3.1101058530000003,739115.9019,8151062556,739115.9019,8151062556,160857.3982,1773955495.0,47,640351.9288,7061881114,739115.9019,8151062556,1420248.667,15662679832,2159364.569,23813742388.0,739115.9019480292,8151062556.170609
2018-03-03,Up,1079.5,1080.3,12465000,12831000,12347000,12831000,366000,0.0294,18163,229000000000.0,12264200,12421867,11970500,12835488,11105511.56,1.0,0.14,366000,366000,0,332333.3333,308666.6667,1.076673866,51.84607384,12060882,11987710,73173,-137062,100.0,93.8150908,11038.99,11544.0,11015.01,11464.48,21287,1080,12381638,11000.01,11494.57,11000.0,11432.5,13198.55336,248.99,1,1.12,71.81030677333334,18.186666666666667,18.333333333333332,17.64666666666667,18.203366666666668,18.203366666666668,4.352479478,7510.423242,1.52388882,1.956778889,83.41902442,-0.75874031,143.09448490000003,138.12170590000002,1.96019842,1.39148424,737902.2527,8445328177,737902.2527,8445328177,162748.4356,1862663982.0,56,638425.4670000001,7306811391,737902.2527,8445328177,1418153.0480000002,16230832541,2156055.301,24676160718.0,737902.2526944391,8445328177.20049
2018-03-04,Down,1079.5,1080.3,12831000,12840000,12255000,12592000,-239000,-0.0186,16126,201000000000.0,12392400,12531133,12053400,12979682,11127118.31,0.79,0.15,-239000,0,239000,338400.0,291250.0,1.161888412,53.74414357,12142593,12032472,110121,-87625,79.95149555,91.11142265,11464.47,11565.0,11050.02,11515.0,17296,1080,12436200,11432.51,11487.0,11041.0,11469.9,8635.842471,248.99,1,1.12,71.74018073666667,18.448333333333334,18.616666666666667,17.973333333333333,18.40673333333333,18.40673333333333,5.312974662,9135.298538,1.25967421,1.590295883,83.77499081,-0.7639457959999999,133.1973794,131.1258086,1.95878499,1.493965826,742250.9726,8541453068,742250.9726,8541453068,161844.5034,1862425623.0,44,638482.0213,7347331860,742250.9726,8541453068,1416821.667,16304075332,2159072.64,24845528399.0,742250.972642219,8541453067.680336
2018-03-05,Up,1076.5,1082.0,12592000,12899000,12451000,12746000,154000,0.0122,13920,176000000000.0,12569600,12649000,12121500,13137015,11105984.66,0.81,0.17,154000,154000,0,307666.6667,217666.6667,1.4134762630000002,58.56598985,12235425,12085326,150099,-40080,88.19444444,89.38198,11515.0,11710.0,11415.01,11454.0,15144,1082,12393228,11469.9,11645.74,11339.0,11377.54,11051.44858,248.99,1,1.12,71.67005470000001,18.71,18.9,18.3,18.6101,18.6101,5.341830439,9074.987809999999,1.25743052,1.6435204159999999,82.99077201,-0.403015545,128.98308870000002,124.8703159,1.49980336,1.5696833730000002,748604.8103,8542454258,748604.8103,8542454258,162007.4103,1848693560.0,55,639117.93,7293081219,748604.8103,8542454258,1415668.779,16154432387,2164273.59,24696886645.0,748604.810286119,8542454257.645781
2018-03-06,Down,1073.9,1076.1,12745000,12746000,11900000,12023000,-723000,-0.0567,15007,185000000000.0,12531400,12466800,12168500,13115622,11221378.36,0.42,0.16,-723000,0,723000,307666.6667,351000.0,0.87654321,46.71052632,12202744,12080709,122035,-7657,12.31231231,60.15275077,11455.0,11455.0,10555.48,10716.48,29516,1076,11530932,11371.5,11395.63,10565.85,10700.0,18565.888030000002,248.99,1,1.12,68.54587159999998,17.685,17.9,17.02,17.1599,17.1599,4.815459217,8668.776818,1.23776978,1.631986905,77.95024541,-0.590696196,753.1347486000001,744.8737932999999,8.86040881,2.599294111,746240.3797,8007121962,746240.3797,8007121962,162481.3612,1743416881.0,59,638425.562,6850274359,746240.3797,8007121962,1420303.1269999999,15239781535,2166543.5069999998,23246903498.0,746240.3797260589,8007121962.441627
2018-03-07,Down,1065.0,1069.1,12023000,12221000,10900000,11200000,-823000,-0.0685,29132,338000000000.0,12278400,12023000,12165500,13124608,11206392.39,0.0,0.16,-823000,0,823000,260600.0,469000.0,0.55565032,35.71820175,12048476,12015471,33004,475,15.00750375,38.5047535,10716.48,10899.0,9389.31,9910.0,50648,1069,10593790,10700.0,10894.0,9400.0,9925.0,32486.56623,248.99,1,1.12,67.1437937,16.995,17.36,14.8,15.74,15.74,3.722674235,8614.561679,1.14692632,1.547211651,72.11731812,-0.95288895,186.81876200000002,179.4780229,2.05295343,2.664800031,745941.6276,7370102820,745941.6276,7370102820,164432.0502,1624632642.0,37,639058.3488,6314067434,745941.6276,7370102820,1418167.9440000001,14011878644,2164109.571,21381981463.0,745941.627569399,7370102819.771036
2018-03-08,Down,1066.4,1070.2,11200000,11347000,10473000,10517000,-683000,-0.061,21348,233000000000.0,11815600,11435867,12039900,13411827,10667972.76,-0.06,0.23,-683000,0,683000,281250.0,511800.0,0.549531067,35.46434651,11812864,11904473,-91609,-17942,1.8136850780000002,9.711167048,9910.0,10099.0,9060.0,9271.64,41109,1070,9920655,9925.0,10098.0,9050.0,9304.89,23426.79505,248.99,1,1.12,78.36397149,15.61,16.2899,14.91,15.74,15.74,3.0475482389999997,8349.680145999999,1.11720836,1.4764807969999998,67.58823196,-0.122449349,170.79363769999998,159.2343415,1.53868142,2.6771524490000003,729424.838,6804317422,729424.838,6804317422,160806.3745,1500055329.0,39,641017.8394,5979627545,729424.838,6804317422,1419402.449,13240657995,2148827.287,20044975417.0,729424.837966729,6804317422.312272
2018-03-09,Down,1067.4,1069.8,10519000,10644000,9306000,10418000,-99000,-0.0094,36119,359000000000.0,11380800,10970000,11886600,13571012,10202188.13,0.06,0.28,-99000,0,99000,281250.0,513400.0,0.547818465,35.39294029,11598270,11794364,-196095,-53572,30.94906763,15.92341882,9267.07,9410.0,8329.0,9227.0,64112,1070,9872890,9304.9,9410.0,8370.0,9255.0,42041.357619999995,248.99,1,1.12,70.84665826,14.61,15.49,14.53,14.9899,14.9899,2.513730851,9265.713586,1.00678538,1.22487127,67.1316457,-0.8967469770000001,124.2298253,119.41673600000001,1.67878142,2.792801693,730577.6938,6815256116,730577.6938,6815256116,160918.3786,1501140772.0,37,641075.5367,5980327635,730577.6938,6815256116,1417234.846,13220795730,2147812.54,20036051846.0,730577.6938452589,6815256116.139474
2018-03-10,Down,1067.4,1069.8,10418000,10537000,9802000,9863000,-555000,-0.0533,16901,174000000000.0,10804200,10464067,11686900,13764260,9609540.436,0.06,0.36,-555000,0,555000,257000.0,520333.3333,0.493914158,33.06174957,11331305,11651300,-319995,-106857,16.19186047,16.31820439,9230.0,9490.0,8667.07,8770.22,37180,1070,9384135,9255.0,9518.77,8720.08,8795.44,17254.1536,248.99,1,1.12,72.21631285,15.02,15.616666666666667,14.69,15.0466,15.0466,3.037365148,9663.815597,0.90824089,1.213586927,63.81263539,-1.131778728,141.5738559,137.8220763,1.74782538,2.7624626869999998,729117.8508,6399520237,729117.8508,6399520237,159797.2778,1402552293.0,39,642013.7096,5635000875,729117.8508,6399520237,1416471.381,12432472009,2145589.232,18831992246.0,729117.850793949,6399520237.462673
2018-03-11,Up,1067.4,1069.8,9863000,10636000,9552000,10520000,657000,0.0666,22131,223000000000.0,10503600,10369333,11517500,13670211,9364788.733,0.27,0.37,657000,657000,0,392333.3333,520333.3333,0.7540038440000001,42.98758218,11206489,11567500,-361011,-157688,41.64665523,29.59586111,8770.22,9740.0,8450.0,9533.57,44326,1070,10200920,8795.45,9760.0,8516.0,9533.88,21816.15454,248.99,1,1.12,73.58596744,15.43,15.743333333333332,14.85,15.1033,15.1033,3.302651307,8843.707083,1.0791028999999999,1.302052782,69.27942485,1.295740248,533.534985,481.0368664,2.22306244,2.8002166089999996,728850.5103,6955617209,728850.5103,6955617209,158446.8575,1512101142.0,40,641779.8379,6124678273,728850.5103,6955617209,1416413.575,13517217179,2145264.085,20472834388.0,728850.510270169,6955617209.145996
2018-03-12,Down,1063.0,1065.2,10519000,10879000,9895000,10213000,-307000,-0.0292,23225,243000000000.0,10306200,10272467,11292300,13472413,9112187.332999999,0.25,0.39,-307000,0,307000,405500.0,489857.1429,0.827792359,45.28919027,11053644,11467167,-413522,-208855,44.43900049,34.0925054,9533.57,9888.88,8780.0,9131.34,42231,1065,9724877,9533.88,9890.0,8780.49,9120.0,21281.59414,248.99,1,1.12,74.95562203,15.84,15.87,15.01,15.16,15.16,2.830321327,8405.268220999998,1.08915263,1.41075822,66.30672263,-1.041810479,125.5136226,122.266421,1.08201399,2.740532413,727127.1494,6656572745,727127.1494,6656572745,158108.4203,1447422507.0,41,641937.4833,5876693724,727127.1494,6656572745,1416291.118,12965606996,2143418.268,19622179741.0,727127.149448359,6656572744.882937
2018-03-13,Down,1063.8,1067.5,10213000,10355000,9900000,10168000,-45000,-0.0044,16134,164000000000.0,10236400,10226400,11026000,13032940,9019059.642,0.29,0.36,-45000,0,45000,405500.0,462142.8571,0.877434312,46.73581954,10917391,11370932,-453541,-257792,54.79974571,46.96180048,9131.34,9474.0,8823.0,9150.0,40191,1068,9772200,9120.0,9472.88,8855.0,9145.41,17207.402,248.99,1,1.12,70.41719064,15.23,15.38,14.52,14.8,14.8,1.710793732,8565.861922,1.07172548,1.357475142,66.46326948,-0.17091379,157.47632439999998,155.01666709999998,1.7693968999999998,1.727530711,727834.5541,6681704985,727834.5541,6681704985,158962.9815,1459320309.0,41,642772.1506,5900810643,727834.5541,6681704985,1416973.051,13008170396,2144807.605,19689875381.0,727834.554128239,6681704985.122152
2018-03-14,Down,1062.7,1064.6,10167000,10265000,9000000,9153000,-1015000,-0.0998,19492,189000000000.0,9983400,9865267,10682100,12676354,8687845.763,0.12,0.37,-1015000,0,1015000,657000.0,531250.0,1.236705882,55.29139491,10645947,11206641,-560694,-318373,8.142629057999999,35.79379175,9151.92,9333.78,7900.28,8170.0,49708,1065,8701050,9145.42,9340.0,7931.0,8207.02,28010.58834,248.99,1,1.12,71.17571438,14.15,14.34,13.28,13.305,13.305,0.263713272,9399.654053,0.87221136,1.1700563659999998,59.4874652,-1.191627395,141.5271475,135.2782517,1.47424112,1.644857524,742498.1088,6087359608,742498.1088,6087359608,157557.0168,1291728839.0,40,643545.6894,5276099681,742498.1088,6087359608,1418117.0259999998,11626411167,2160615.135,17713770775.0,742498.1087987691,6087359607.515077
2018-03-15,Down,1063.6,1065.4,9141000,9300000,8438000,9115000,-38000,-0.0042,28079,250000000000.0,9833800,9575800,10319000,11970706,8667294.457,0.14,0.32,-38000,0,38000,657000.0,445625.0,1.474333801,59.58508106,10410416,11051705,-641288,-382956,27.73453503,30.225636600000005,8184.01,8430.0,7650.0,8240.98,52291,1065,8776644,8207.02,8400.0,7666.0,8259.99,28014.233910000003,248.99,1,1.12,71.70633312,13.2,13.54,12.91,13.46,13.46,-0.7061650840000001,9400.654053,0.8777626000000001,1.076134147,59.99225017,-0.9301419059999999,252.80784649999998,240.87194240000002,2.07219546,1.7210738159999999,746387.2740000001,6158846313,746387.2740000001,6158846313,156002.3272,1287259833.0,32,644281.5135,5316316291,746387.2740000001,6158846313,1421751.014,11731638917,2168138.288,17890485229.0,746387.2739739291,6158846312.65502
2018-03-16,Down,1065.7,1066.2,9115000,9310000,8763000,9095000,-20000,-0.0022,14611,133000000000.0,9548800,9329533,10026200,11376395,8676004.518,0.16,0.27,-20000,0,20000,657000.0,345250.0,1.9029688630000001,65.55250686,10208045,10906764,-698719,-446108,26.91519869,20.93078759,8240.98,8611.64,7900.0,8260.0,38815,1066,8805160,8260.0,8600.0,7911.0,8275.0,16967.92913,248.99,1,1.12,81.36514552,13.845,14.5,13.64,14.23,14.23,-1.2223702109999999,8678.526818,0.95756027,1.1889349359999999,60.04071163,-0.9816686920000001,153.27340759999998,143.7683496,1.26672238,1.6622082390000001,750085.7876,6233372288,750085.7876,6233372288,153979.8272,1279605084.0,33,645033.7118,5360367215,750085.7876,6233372288,1421039.166,11809137442,2171124.954,18042509730.0,750085.7876008991,6233372288.1933365
2018-03-17,Down,1065.7,1066.2,9095000,9150000,8521000,8667000,-428000,-0.0471,9640,85560272227.0,9239600,9035600,9772900,11097374,8448425.931,0.08,0.27,-428000,0,428000,657000.0,313375.0,2.0965297169999997,67.70578385,9970961,10740855,-769894,-510866,11.94574857,22.19849409,8260.0,8348.62,7721.99,7824.8,33110,1066,8341237,8274.09,8349.82,7751.0,7857.6,13639.73309,248.99,1,1.12,76.42573369666667,13.875,14.533333333333333,13.58,14.02,14.02,-1.977695117,9087.242843,0.86344397,1.097367081,57.04525777,-1.197085521,339.7740521,334.21781969999995,3.11719314,1.8578322040000002,751549.8736,5896904562,751549.8736,5896904562,153110.1095,1201351680.0,31,644980.3367,5060725340,751549.8736,5896904562,1419559.861,11138328023,2171109.734,17035232585.0,751549.8735709292,5896904561.746421
2018-03-18,Up,1065.7,1066.2,8667000,9080000,8056000,9018000,351000,0.0405,20952,177000000000.0,9009600,8961733,9623000,10915605,8330395.187999999,0.27,0.27,351000,351000,0,504000.0,344000.0,1.465116279,59.43396226,9824351,10613236,-788885,-566469,43.54911725,27.4700215,7824.01,8317.4,7322.0,8189.99,59488,1066,8730529,7857.59,8302.73,7310.0,8192.0,30536.54458,248.99,1,1.12,71.48632187333332,13.905000000000001,14.566666666666666,13.520000000000001,13.81,13.81,-2.284719876,8967.882011,0.91371593,1.054406705,59.72643412,-1.134303433,242.27968739999997,237.26874640000003,2.28565743,1.866774346,762669.7365,6249389545,762669.7365,6249389545,154364.6282,1264878686.0,29,647882.1145,5308808675,762669.7365,6249389545,1425176.989,11678038017,2187846.726,17927427563.0,762669.7364795791,6249389545.457407
2018-03-19,Up,1069.3,1071.6,9018000,9755000,8870000,9718000,700000,0.0776,26470,245000000000.0,9122600,9197867,9553000,10737072,8368927.705,0.57,0.25,700000,700000,0,569333.3333,308833.3333,1.843497032,64.83203644,9807990,10546922,-738933,-600962,97.82224838,51.10570473,8189.0,8705.23,8088.4,8600.0,55297,1072,9219200,8192.0,8757.5,8108.31,8589.0,25598.67321,248.99,1,1.12,66.54691005,13.935,14.6,13.46,13.6,13.6,-2.358899558,8737.452798,0.97493002,1.176951249,62.63979585,-1.1316585609999998,136.05907050000002,130.8362404,1.09725057,1.8689509999999998,772943.6573,6584247115,772943.6573,6584247115,155717.0707,1326461074.0,29,647671.2710000001,5517126193,772943.6573,6584247115,1426165.029,12148651313,2199108.6859999998,18732898428.0,772943.6573441491,6584247115.438686
2018-03-20,Up,1068.2,1068.6,9718000,9996000,9160000,9829000,111000,0.0114,20520,196000000000.0,9265400,9433333,9549600,10730283,8368917.418,0.62,0.25,111000,111000,0,387333.3333,308833.3333,1.254182407,55.63801772,9811222,10493743,-682521,-617274,91.39175258,77.58770607,8595.01,9050.0,8280.0,8909.98,44865,1069,9524769,8589.0,9046.26,8316.15,8900.0,20469.34145,248.99,1,1.12,72.60771179,13.795,14.6,13.65,14.6,14.6,-3.0986377110000003,10664.82034,0.83405929,1.0003118420000001,64.88524114,-0.664953011,168.06686340000002,158.8199314,1.73264808,1.863701169,775872.7846,6901460187,775872.7846,6901460187,154488.5664,1374190089.0,37,648516.1969,5768611559,775872.7846,6901460187,1424742.418,12673215595,2200615.202,19574675783.0,775872.784612619,6901460187.361823
2018-03-21,Up,1070.5,1072.3,9826000,10165000,9738000,9919000,90000,0.0092,16612,166000000000.0,9430200,9651200,9489500,10517836,8461163.771,0.71,0.22,90000,90000,0,313000.0,309200.0,1.01228978,50.30536805,9827803,10451169,-623366,-618492,88.33570413,92.51656836,8909.96,9177.01,8750.6,8885.0,39972,1072,9524720,8900.0,9174.0,8745.0,8891.81,16007.11698,248.99,1,1.12,74.70862044,14.78,15.59,14.26,14.75,14.75,-3.455918118,8911.73805,0.99781602,1.236622073,64.76499436,-1.071107663,142.97920269999997,137.52511189999998,1.19149336,1.823308631,776914.5745,6908538048,776914.5745,6908538048,156717.4481,1393574646.0,36,648515.261,5766776043,776914.5745,6908538048,1426688.531,12686506754,2203603.105,19595044802.0,776914.574534119,6908538048.265383
2018-03-22,Down,1064.8,1072.7,9919000,10050000,9505000,9783000,-136000,-0.0137,12989,127000000000.0,9653400,9768800,9446500,10381997,8511002.592,0.68,0.2,-136000,0,136000,313000.0,327400.0,0.9560171040000001,48.87570269,9820910,10401675,-580765,-610947,81.88715031,87.20486899999999,8884.82,9100.0,8465.1,8722.9,40618,1073,9359672,8891.81,9073.93,8467.27,8715.09,14990.23803,248.99,1,1.12,70.23469856,14.35,14.6,13.85,14.09,14.09,-3.4559080989999997,9473.616669,0.91857474,1.133506697,61.63770754,-1.082861662,428.57359610000003,424.6274859,4.00536071,2.099475096,770547.1583,6705474744,770547.1583,6705474744,155203.8407,1350618742.0,36,648166.4251,5640490068,770547.1583,6705474744,1423235.6819999998,12385317131,2193782.84,19090791875.0,770547.158250869,6705474744.209669
2018-03-23,Up,1079.0,1082.2,9779000,9850000,9253000,9847000,64000,0.0065,15007,143000000000.0,9819200,9833333,9414400,10267025,8561775.252999999,0.75,0.18,64000,64000,0,263200.0,155500.0,1.6926045019999998,62.86123716,9824924,10360588,-535664,-595890,75.44401544,81.88895663,8720.0,8909.0,8269.0,8898.03,39991,1082,9627668,8715.09,8927.81,8280.04,8927.1,15266.82555,248.99,1,1.12,62.01448958,13.61,14.39,13.5,13.72,13.72,-3.0571097289999996,10186.918679999999,0.87417037,1.0232878029999999,63.03214356,-0.984277981,146.5450653,139.827046,1.49535781,2.1321373,772521.9998,6879387592,772521.9998,6879387592,157164.554,1399566463.0,28,648123.4694,5771605928,772521.9998,6879387592,1420635.594,12650905577,2193157.594,19530293169.0,772521.999816849,6879387591.8740225
2018-03-24,Down,1079.0,1082.2,9847000,10000000,9550000,9580000,-267000,-0.0271,16804,165000000000.0,9791600,9753600,9457100,10295738,8618462.319,0.57,0.18,-267000,0,267000,263200.0,212750.0,1.237132785,55.29992646,9787244,10302767,-515523,-579817,41.79104478,66.37407018,8898.04,8999.95,8491.0,8546.86,35467,1082,9247703,8927.8,8999.0,8508.0,8531.34,11863.31062,248.99,1,1.12,62.39994076333333,13.473333333333333,14.026666666666667,13.083333333333334,13.35,13.35,-2.8347006360000004,8686.001177,0.99149231,1.234273067,60.34126721,-1.1600624,265.2784716,259.55826609999997,2.76331741,2.081583624,772237.6188,6650590171,772237.6188,6650590171,158076.0994,1361367703.0,32,648081.8345,5581347727,772237.6188,6650590171,1422941.947,12254523084,2195179.566,18905113254.0,772237.6187766191,6650590170.788943
2018-03-25,Down,1079.0,1082.2,9580000,9649000,9408000,9477000,-103000,-0.0108,11031,105000000000.0,9721200,9648733,9493300,10300404,8686196.017,0.49,0.17,-103000,0,103000,263200.0,233500.0,1.127194861,52.98973223,9739514,10241599,-502085,-564271,24.56140351,47.26548791,8531.25,8669.85,8365.77,8470.15,29002,1082,9164702,8531.96,8670.0,8359.45,8453.0,9048.852361,248.99,1,1.12,62.78539194666667,13.336666666666666,13.663333333333334,12.666666666666666,12.98,12.98,-2.1521222890000002,10038.15692,0.83907385,1.027218173,59.78309517,-1.162481127,144.5535246,142.9552749,1.64265369,1.989725947,770654.497,6491034018,770654.497,6491034018,157606.6394,1327482110.0,30,648086.6217,5458674834,770654.497,6491034018,1421870.312,11976065282,2192524.809,18467099300.0,770654.4970042792,6491034017.915277
2018-03-26,Down,1078.6,1081.1,9480000,9570000,8801000,9052000,-425000,-0.0448,13943,128000000000.0,9547800,9425667,9489000,10304956,8673044.118999999,0.23,0.17,-425000,0,425000,263200.0,232750.0,1.1308270679999999,53.06986591,9633742,10153481,-519738,-555364,20.09607686,28.81617505,8470.14,8514.89,7831.0,8134.23,44034,1081,8793103,8453.0,8498.0,7854.0,8145.0,19389.8513,248.99,1,1.12,63.17084313,13.2,13.3,12.25,12.61,12.61,-2.166608166,9035.341224,0.90238245,1.1006485129999999,57.53442186,-1.027289275,160.12429939999998,154.94585569999998,1.35698559,2.02683095,773855.3497,6309500617,773855.3497,6309500617,157057.8809,1280545256.0,31,648162.897,5284688153,773855.3497,6309500617,1423215.2859999998,11603948629,2197070.635,17913449246.0,773855.3496518291,6309500617.492001
2018-03-27,Down,1069.6,1070.3,9054000,9141000,8520000,8651000,-401000,-0.0443,14210,125000000000.0,9321400,9126733,9487400,10309834,8664965.954,-0.01,0.17,-401000,0,401000,241250.0,266400.0,0.905593093,47.52289964,9482551,10042186,-559634,-556218,8.851351351,17.83627724,8134.22,8215.94,7730.0,7795.51,37428,1070,8341196,8144.99,8219.99,7757.0,7793.61,14987.73034,248.99,1,1.12,61.47288131,12.55,13.15,11.74,11.95,11.95,-1.41941408,8917.455155,0.87210952,1.075799843,55.10155812,-1.232636607,409.55053819999995,397.0795854,3.75734439,2.31607328,775812.3625,6033490804,775812.3625,6033490804,156870.7777,1219983646.0,24,648012.0418,5039588029,775812.3625,6033490804,1421044.517,11051459659,2196856.88,17084950462.0,775812.362512559,6033490803.729266
2018-03-28,Up,1065.4,1070.8,8651000,8886000,8560000,8730000,79000,0.0091,9954,86802477741.0,9098000,8929600,9458600,10361045,8556154.787999999,0.1,0.19,79000,79000,0,86000.0,266400.0,0.322822823,24.40408627,9366774,9944987,-578213,-560617,14.18918919,14.37887247,7795.51,8109.0,7728.0,7949.3,26401,1071,8513700,7793.61,8088.0,7727.76,7942.72,10966.69757,248.99,1,1.12,49.48934083,11.94,12.1,11.11,11.28,11.28,-1.037023231,10041.39395,0.79202948,0.94767681,56.180170499999996,-1.005471894,254.69988430000004,248.0043415,2.4028291,2.489121243,777029.575,6179778372,777029.575,6179778372,156493.3716,1244604304.0,24,648346.3533,5156350415,777029.575,6179778372,1418171.676,11278832794,2195201.251,17458611166.0,777029.574997969,6179778372.324847
2018-03-29,Down,1064.5,1065.9,8730000,8766000,7780000,7915000,-815000,-0.0934,18277,151000000000.0,8765000,8535267,9278300,10547371,8009229.458,-0.04,0.27,-815000,0,815000,77666.66667,357833.3333,0.217047042,17.83390739,9143424,9794617,-651193,-578732,7.223113965,10.08788484,7949.3,7975.0,6941.11,7090.14,54621,1066,7558089,7942.73,7957.0,6905.0,7080.0,27812.00562,248.99,1,1.12,55.784883799999996,10.74,10.95,10.17,10.49,10.49,-0.730396988,8919.343313,0.79626041,1.0120849920000001,50.13986971,-0.775995109,674.570069,654.7919147999999,5.52926286,2.70682155,788341.9562,5598899174,788341.9562,5598899174,157343.4806,1117472280.0,18,648831.7121,4608080679,788341.9562,5598899174,1418338.949,10073213414,2206680.905,15672112588.0,788341.956187239,5598899173.876514
2018-03-30,Down,1062.8,1063.5,7911000,8090000,7431000,7602000,-313000,-0.0395,21298,164000000000.0,8390000,8147600,9055600,10609577,7501623.372,0.03,0.34,-313000,0,313000,71500.0,351428.5714,0.203455285,16.90592805,8906282,9632201,-725919,-608170,7.994389902000001,9.802231019,7090.16,7292.43,6600.1,6840.23,65306,1064,7278005,7080.0,7275.35,6600.0,6848.01,29312.74966,248.99,1,1.12,58.596118864999994,10.61375,11.0425,10.185,10.665,10.665,-0.93457146,8369.766566,0.81910289,0.985855685,48.31637932,-1.1349264909999999,168.2226743,157.4800319,1.34578139,2.68545349,793239.9629,5438215214,793239.9629,5438215214,157034.9966,1076584826.0,12,650582.9004,4460201190,793239.9629,5438215214,1418195.0219999999,9722719610,2211434.985,15160934824.0,793239.9628894291,5438215213.5810585
2018-03-31,Up,1062.8,1063.5,7602000,7934000,7540000,7697000,95000,0.0125,13024,101000000000.0,8119000,7916600,8833400,10463580,7203220.329,0.15,0.37,95000,95000,0,79333.33333,387333.3333,0.204819277,17.0,8720239,9488853,-768614,-640259,15.55555556,10.25768647,6840.24,7223.36,6777.0,6923.91,36869,1064,7367040,6848.01,7200.0,6780.0,6928.5,14951.49685,248.99,1,1.12,61.40735393,10.4875,11.135,10.2,10.84,10.84,-1.107164403,10593.98581,0.65451098,0.7899025209999999,48.94545133,-1.148704332,651.6255133,648.6401033,7.08288601,3.3025347189999996,787966.6511,5463666203,787966.6511,5463666203,155503.2362,1078240779.0,16,650310.5811,4509175532,787966.6511,5463666203,1423048.166,9867245216,2211014.817,15330911419.0,787966.651095189,5463666202.6959095
2018-04-01,Down,1062.8,1063.5,7688000,7774000,7087000,7482000,-215000,-0.0279,16447,122000000000.0,7885200,7704267,8603300,10281251,6925349.333,0.17,0.39,-215000,0,215000,87000.0,362714.2857,0.239858212,19.34561626,8529740,9340197,-810457,-674298,21.95664258,15.16886268,6922.0,7049.98,6430.0,6813.01,44071,1064,7249043,6928.5,7044.46,6450.0,6816.01,15434.522809999999,249.55,1,0.56,64.21858899499999,10.36125,11.2275,10.215,11.015,11.015,-0.969114481,8371.556689000001,0.8123531,0.9661550740000001,48.18717536,-0.156355263,258.6105716,253.5215767,2.48664011,3.4231042069999997,788661.5707,5363419198,788661.5707,5363419198,153883.5317,1046509579.0,16,651630.9267,4431520378,788661.5707,5363419198,1419412.975,9652945041,2208074.545,15016364238.0,788661.570748299,5363419197.725127
2018-04-02,Up,1056.5,1056.6,7486000,7851000,7390000,7710000,228000,0.0305,15766,121000000000.0,7681200,7645867,8389600,9917123,6862077.247,0.28,0.36,228000,228000,0,134000.0,378666.6667,0.353873239,26.13784135,8403627,9219442,-815815,-702602,37.10541989,24.87253934,6813.01,7125.0,6765.0,7056.0,32124,1057,7458192,6816.01,7100.0,6777.28,7045.01,14317.14566,249.55,1,0.56,67.02982406,10.235,11.32,10.23,11.19,11.19,-1.07515235,8694.539639,0.80848022,0.954324605,49.86313594,-1.0534686070000001,487.5937728,481.4900312,4.06328144,3.8097178999999994,791643.4646,5564749543,791643.4646,5564749543,153080.6548,1076059542.0,11,653546.3842,4594014990,791643.4646,5564749543,1419036.23,9974921244,2210679.695,15539670787.0,791643.4646426891,5564749543.429644
2018-04-03,Up,1054.0,1054.2,7713000,8175000,7643000,8092000,382000,0.0495,21007,167000000000.0,7716600,7782800,8240800,9549756,6931844.141,0.44,0.32,382000,382000,0,196000.0,433800.0,0.451821116,31.12099079,8355684,9135928,-780244,-718130,92.37132353,50.47779533,7063.97,7520.0,7011.01,7405.21,37787,1054,7805091,7045.01,7520.0,7016.8,7424.9,18923.19244,249.55,1,0.56,79.92057614,11.445,12.84,11.44,12.67,12.67,-1.17378321,8322.154501,0.89078285,1.045230621,52.41716922,-1.066574847,350.0756791,340.9840673,2.24407487,3.59353654,793691.7396,5883821399,793691.7396,5883821399,154081.8514,1142244589.0,22,654574.2175,4852510863,793691.7396,5883821399,1420930.407,10533687470,2214622.1459999997,16417508869.0,793691.739571599,5883821398.773714
2018-04-04,Down,1054.5,1059.8,8091000,8120000,7403000,7492000,-600000,-0.0741,16809,131000000000.0,7694600,7707933,8042300,9123392,6961207.571,0.25,0.27,-600000,0,600000,196000.0,468800.0,0.41808873700000004,29.48255114,8222810,9014155,-791346,-732773,37.22426471,55.56700271,7405.21,7427.52,6707.0,6796.1,42227,1060,7203866,7424.91,7424.91,6708.46,6791.68,15332.55316,249.55,1,0.56,72.35496163,11.6,11.91,11.01,11.12,11.12,-1.4792427119999998,9228.967236,0.73570854,0.90518645,48.02703363,-1.0821518959999998,285.9833159,280.4662435,2.28786653,3.577113316,797176.2753,5412691389,797176.2753,5412691389,153062.3538,1039267362.0,22,652531.4463,4430577590,797176.2753,5412691389,1417205.2969999998,9622583044,2214381.5730000003,15035274433.0,797176.275289759,5412691389.250665
2018-04-05,Down,1057.0,1059.7,7492000,7834000,7188000,7408000,-84000,-0.0112,32381,243000000000.0,7636800,7612400,7877900,8780002,6975797.811000001,0.24,0.23,-84000,0,84000,196000.0,405400.0,0.48347311299999995,32.59062188,8097454,8895181,-797727,-745764,29.50367647,53.03308824,6796.1,6902.0,6566.69,6770.76,39030,1060,7177006,6791.68,6933.11,6568.64,6785.85,14454.29417,249.55,1,0.56,71.13111039,10.79,11.29,10.44,11.01,11.01,-1.132182565,8697.526818,0.78181938,0.918472517,47.89018589,-1.167655788,266.07581899999997,260.47863959999995,2.19897371,3.101357723,798846.6461,5432073314,798846.6461,5432073314,156537.9651,1064441726.0,17,652804.8012,4439004103,798846.6461,5432073314,1416709.493,9633475795,2215556.139,15065549110.0,798846.6460609891,5432073314.31689
2018-04-06,Down,1063.2,1069.6,7408000,7488000,7125000,7280000,-128000,-0.0173,9429,68879512444.0,7596400,7493467,7740800,8542375,6939224.651000001,0.21,0.21,-128000,0,128000,235000.0,359166.6667,0.6542923429999999,39.55119215,7971692,8775538,-803846,-757380,14.76190476,27.16328198,6770.0,6850.0,6500.0,6601.39,27455,1070,7063487,6785.86,6847.0,6518.88,6619.01,10756.54968,249.55,1,0.56,67.96507918,10.67,10.8299,10.45,10.55,10.55,-1.149628563,9832.986837999999,0.67181927,0.8033260240000001,46.75901448,-1.146764403,176.448429,168.4625001,1.49532567,3.122721191,784688.1445,5183642035,784688.1445,5183642035,155383.4453,1026461486.0,19,652939.8866,4313314362,784688.1445,5183642035,1413425.648,9337075698,2198113.793,14520717734.0,784688.1444613792,5183642035.430426
2018-04-07,Up,1063.2,1069.6,7277000,7673000,7232000,7533000,253000,0.0348,12182,91234343726.0,7561000,7472333,7621100,8080530,7161669.526000001,0.4,0.12,253000,253000,0,239500.0,268000.0,0.893656716,47.19211823,7904201,8683498,-779297,-761764,38.85714286,27.7075747,6601.39,7070.0,6586.28,6895.8,32270,1070,7378506,6619.01,7064.64,6605.08,6894.01,10351.37367,249.55,1,0.56,66.62050397,10.713333333333333,10.879933333333334,10.479999999999999,10.55,10.55,-0.896600486,7539.623242000001,0.9120396000000001,1.074300548,48.76078198,-1.2153195890000001,172.86642709999998,169.2236007,1.72866427,2.3578323709999998,786199.3653,5406248833,786199.3653,5406248833,155361.6323,1068334166.0,20,652113.2393,4484214302,786199.3653,5406248833,1409191.3630000001,9690212808,2195390.728,15096461640.0,786199.3653437791,5406248832.82775
2018-04-08,Up,1063.2,1069.6,7533000,7657000,7480000,7622000,89000,0.0118,11679,88577530198.0,7467000,7492667,7591800,8007843,7175756.925,0.54,0.11,89000,89000,0,209400.0,256750.0,0.8155793570000001,44.92116272,7860785,8604868,-744083,-758228,49.94974874,34.52293212,6895.81,7109.13,6880.0,7018.0,21428,1070,7509260,6894.01,7099.99,6880.0,7020.01,6296.849407,249.55,1,0.56,65.27592876,10.756666666666668,10.929966666666667,10.51,10.55,10.55,-0.835953768,8430.392445,0.83100955,0.972152505,49.65938364,-1.11067027,282.12226089999996,280.68411789999993,3.10024463,2.44549016,784934.296,5499042979,784934.296,5499042979,153462.0481,1075114698.0,17,652071.17,4568238905,784934.296,5499042979,1409670.336,9875779163,2194604.6319999998,15374822142.0,784934.2960168791,5499042978.532254
2018-04-09,Down,1065.2,1067.1,7621000,7752000,7290000,7450000,-172000,-0.0226,16765,127000000000.0,7458600,7487000,7576600,8001063,7152136.857000001,0.35,0.11,-172000,0,172000,238000.0,239800.0,0.992493745,49.81163667,7797588,8519323,-721735,-750929,45.83921016,44.88203392,7011.04,7185.0,6611.0,6782.72,34078,1067,7237162,7020.01,7169.53,6617.0,6771.13,13940.47924,249.55,1,0.56,63.93135355,10.8,10.98,10.54,10.55,10.55,-0.517684432,9234.286962999999,0.73585947,0.8784853890000001,47.9151118,-1.214066154,176.84795680000002,170.37328380000002,1.40355521,2.06552927,778944.7163,5293036452,778944.7163,5293036452,152916.8094,1039090746.0,21,651995.4703,4430398870,778944.7163,5293036452,1409135.304,9575268144,2188080.02,14868304596.0,778944.7162684691,5293036451.942735
2018-04-10,Down,1063.8,1066.4,7449000,7468000,7263000,7428000,-22000,-0.003,12264,90344438501.0,7462600,7476800,7549700,7974328,7125072.116,0.36,0.11,-22000,0,22000,238000.0,201200.0,1.182902584,54.18943534,7740728,8438484,-697756,-740294,48.32535885,48.03810592,6781.55,6890.0,6656.0,6843.9,22327,1066,7295597,6771.14,6893.29,6661.19,6824.99,7491.822998999999,249.55,1,0.56,70.20230836,10.725,11.14,10.56,11.05,11.05,-0.394676708,8278.07429,0.82547862,0.957786887,48.33394116,-1.0030443340000001,167.1913137,164.0009808,1.39326095,1.9439844240000002,775408.1936,5298653673,775408.1936,5298653673,152864.7236,1044581726.0,18,652064.5263,4455800346,775408.1936,5298653673,1408044.2140000002,9621691785,2183452.4080000003,14920345458.0,775408.1935980191,5298653672.578289
2018-04-11,Up,1064.0,1066.3,7428000,7483000,7351000,7429000,1000,0.0001,13068,96697377106.0,7492400,7465600,7544400,7973574,7115225.722999999,0.37,0.11,1000,1000,0,181250.0,201200.0,0.90084493,47.39181592,7692770,8363707,-670938,-726423,37.88461538,44.0163948,6839.56,6990.0,6787.0,6953.79,23998,1066,7412740,6825.0,6974.0,6806.01,6942.99,8182.996006,249.55,1,0.56,73.99946329999999,11.05,11.54,11.0,11.48,11.48,-0.450316437,8433.324122,0.8238426999999999,0.951561845,49.11125036,-1.117147294,150.63259630000002,149.50017140000003,1.33303183,1.8075794669999998,777301.7838,5400484865,777301.7838,5400484865,152804.8415,1061647163.0,20,652068.3927,4530396765,777301.7838,5400484865,1415057.535,9831441224,2192359.319,15231926089.0,777301.783767879,5400484865.392065
2018-04-12,Up,1065.3,1069.5,7432000,8280000,7200000,8121000,692000,0.0931,40390,316000000000.0,7610000,7675133,7585500,8132722,7038278.472999999,0.99,0.14,692000,692000,0,258750.0,201200.0,1.286033797,56.25611479999999,7758651,8345729,-587078,-698554,85.27777778,57.162583999999995,6953.78,8012.23,6743.2,7923.0,64862,1070,8477610,6943.0,8050.0,6767.77,7916.0,31205.933160000004,249.55,1,0.56,65.93207156,12.64,12.86,11.9,12.48,12.48,-0.498751616,8817.657037,0.8984245999999999,0.9742521479999999,55.95418506,-1.055713106,278.8034733,271.452363,0.51534838,1.5670615630000002,794487.2159999999,6293927726,794487.2159999999,6293927726,154287.2385,1222263503.0,18,652010.2043,5165224839,794487.2159999999,6293927726,1410355.3930000002,11172835420,2204842.609,17466763146.0,794487.216048389,6293927725.535337
2018-04-13,Up,1068.2,1069.5,8125000,8625000,7925000,8375000,254000,0.0313,29730,247000000000.0,7760600,7930133,7613800,8279349,6948251.324,1.07,0.17,254000,254000,0,257800.0,101500.0,2.539901478,71.75062622,7853474,8347897,-494423,-657728,82.45614035,68.53951117,7922.99,8233.39,7732.0,7877.41,55045,1070,8428829,7915.99,8220.0,7760.0,7893.19,22123.210069999997,249.55,1,0.56,80.48927009999998,13.2,13.52,13.0,13.52,13.52,-0.374638199,8230.813234000001,0.96183145,1.132534474,55.7138929,-0.907347949,167.2952261,162.2590884,0.41719508,1.413042907,782453.9095,6194417655,782453.9095,6194417655,152368.0439,1206245237.0,23,652547.579,5165994054,782453.9095,6194417655,1409845.3530000001,11161259264,2192299.2630000003,17355676918.0,782453.909500889,6194417654.919761
2018-04-14,Down,1068.2,1069.5,8375000,8575000,8120000,8350000,-25000,-0.003,18691,157000000000.0,7940600,8126600,7699600,8489771,6909428.778,0.91,0.21,-25000,0,25000,257800.0,86750.0,2.971757925,74.8222319,7929863,8348053,-418190,-609820,80.70175439,82.81189084,7877.48,8186.0,7810.0,7999.01,31621,1070,8558941,7893.19,8150.0,7830.0,8003.11,9338.060893,249.55,1,0.56,77.72236646999998,13.331666666666667,13.546666666666667,12.923333333333334,13.406666666666666,13.406666666666666,0.072563135,9914.023238,0.81000348,0.938285868,56.55068302,-1.199494242,158.6726344,158.3654531,2.55923604,1.5316960169999998,791368.1624,6354997615,791368.1624,6354997615,150759.5155,1210658208.0,23,652212.699,5237524510,791368.1624,6354997615,1407903.26,11306016955,2199271.423,17661014571.0,791368.162386009,6354997615.434219
2018-04-15,Up,1068.2,1069.5,8349000,8710000,8250000,8663000,313000,0.0375,15473,132000000000.0,8187600,8367400,7825100,8773052,6877147.913,0.94,0.24,313000,313000,0,267000.0,73000.0,3.657534247,78.52941176,8042653,8371382,-328729,-553602,96.88741722,86.68177065,8004.0,8429.54,7999.02,8355.0,27947,1070,8939850,8003.12,8392.56,8003.11,8355.25,9899.554583,249.55,1,0.56,74.95546284,13.463333333333333,13.573333333333332,12.846666666666666,13.293333333333333,13.293333333333333,0.43996040200000003,8333.645298000001,1.00249007,1.1403994579999999,59.08272415,-0.9861000129999999,345.2628986,343.2280492,2.85341239,1.496434269,791010.1183,6608412296,791010.1183,6608412296,149755.4587,1251116505.0,23,652804.2079,5453785298,791010.1183,6608412296,1409813.657,11778142513,2200823.775,18386554809.0,791010.118333129,6608412295.904535
2018-04-16,Down,1070.0,1074.0,8665000,8840000,8449000,8663000,0,0.0,17194,148000000000.0,8434400,8525867,7963400,8955409,6971390.645,0.85,0.25,0,0,0,269800.0,73000.0,3.695890411,78.70478413,8138091,8392984,-254893,-493860,89.20731707,88.93216289,8355.07,8419.0,7867.0,8064.92,36664,1074,8661724,8355.24,8398.98,7905.99,8048.93,13429.266230000001,249.55,1,0.56,72.18855921,13.595,13.6,12.77,13.18,13.18,0.41440857,9634.93038,0.83606243,0.9701298629999999,56.92552302,-1.07391758,591.8094488,587.3774438999999,5.3800859,2.064510081,783835.0328,6314107336,783835.0328,6314107336,147688.4088,1189689701.0,23,652569.2943,5256708868,783835.0328,6314107336,1411886.4319999998,11373314672,2195721.465,17687422007.0,783835.032756299,6314107335.645921
2018-04-17,Down,1066.5,1067.0,8663000,8704000,8360000,8450000,-213000,-0.0246,24695,212000000000.0,8500200,8531067,8055100,9040524,7069675.645,0.7,0.24,-213000,0,213000,315000.0,108000.0,2.916666667,74.46808511,8186077,8397207,-211130,-437314,57.37704918,81.15726116,8064.92,8173.7,7825.4,7885.02,32153,1067,8413316,8048.92,8162.5,7822.0,7892.1,10700.35753,249.55,1,0.56,65.83745714,13.37,13.55,12.19,12.43,12.43,0.086959922,8386.957924,0.9407065999999998,1.105481887,55.74445739,-0.955728398,334.07894930000003,331.0993788,3.37453484,2.347549209,777361.8333,6133125744,777361.8333,6133125744,144013.24599999998,1136216506.0,26,652580.4764,5148642432,777361.8333,6133125744,1411321.993,11134860081,2188683.826,17267985825.0,777361.833327119,6133125744.342451
2018-04-18,Up,1064.1,1068.7,8450000,8679000,8445000,8652000,202000,0.0239,20638,177000000000.0,8555600,8581667,8158100,9156153,7160046.5139999995,0.75,0.24,202000,202000,0,292400.0,86666.66667,3.3738461539999998,77.1368273,8257758,8416081,-158323,-381516,73.88888889,73.49108505,7890.96,8236.43,7868.0,8173.0,26969,1069,8736937,7892.11,8243.99,7879.8,8152.05,10973.85924,249.55,1,0.56,70.68272769,12.975,13.25,12.75,13.24,13.24,-0.17832311899999997,8492.794898,0.96028252,1.09068613,57.686857999999994,-0.993961955,353.2703933,348.961404,3.53270393,2.66178808,776272.1208,6330873696,776272.1208,6330873696,143392.3629,1169433906.0,24,652208.6817,5319076490,776272.1208,6330873696,1413758.9030000002,11529885996,2190031.024,17860759693.0,776272.1207942091,6330873696.375058
2018-04-19,Up,1059.2,1061.5,8652000,8999000,8601000,8994000,342000,0.0395,28768,254000000000.0,8684400,8727800,8312500,9302289,7322710.831,0.84,0.24,342000,342000,0,300666.6667,119000.0,2.5266106440000002,71.64416203,8371026,8458890,-87864,-322786,99.33244326,76.86612711,8173.99,8296.0,8080.0,8278.0,27114,1062,8791236,8152.05,8300.0,8101.47,8274.0,11936.236190000001,249.55,1,0.56,73.63283620000001,13.4,13.88,13.35,13.65,13.65,-0.04994402,7634.972942,1.08559651,1.2332843359999999,58.4639858,-0.8431659890000001,319.013755,313.321287,2.8483370999999997,2.995072183,778055.8957,6448916291,778055.8957,6448916291,144892.1712,1200938761.0,25,653721.7063,5418372362,778055.8957,6448916291,1413518.064,11715944476,2191573.96,18164860767.0,778055.8956673291,6448916291.238657
2018-04-20,Up,1065.5,1067.3,8994000,9666000,8710000,9552000,558000,0.062,25528,233000000000.0,8862200,9017000,8524900,9574107,7475692.89,0.99,0.25,558000,558000,0,393500.0,119000.0,3.306722689,76.7804878,8552714,8539861,12853,-255658,91.27105666,88.1641296,8273.84,8930.0,8177.09,8856.98,39795,1067,9450398,8274.0,8932.57,8216.21,8866.27,16415.30759,249.55,1,0.56,76.31099954,14.56,14.85,14.25,14.85,14.85,-0.071233151,9920.891851,0.89377373,0.976656948,62.62803126,-0.765142861,254.17572059999998,250.83147430000002,2.62036825,3.309811207,780592.3836,6921538034,780592.3836,6921538034,142826.5312,1266447494.0,26,652143.1371,5782574391,780592.3836,6921538034,1400811.635,12421042292,2181404.018,19342580326.0,780592.3835674691,6921538034.345214
2018-04-21,Up,1065.5,1067.3,9552000,9845000,9285000,9735000,183000,0.0192,18554,177000000000.0,9076600,9307933,8755500,9752229,7758771.251,0.99,0.23,183000,183000,0,308666.6667,119000.0,2.593837535,72.17459079999999,8734604,8628390,106215,-183283,92.59259259,94.3986975,8852.12,9035.0,8565.0,8915.31,40872,1067,9512636,8866.27,9038.87,8610.7,8915.42,12305.065690000001,249.55,1,0.56,77.42667991,14.843333333333334,15.083333333333334,14.503333333333334,14.983333333333333,14.983333333333333,0.15984059,8549.189834,1.0344953000000001,1.1759466570000001,62.96898405,-0.970666571,242.02303730000003,238.61856349999996,2.68914486,3.32836961,784651.1482,6939530605,784651.1482,6939530605,141079.5722,1247721374.0,32,652120.0571,5767412824,784651.1482,6939530605,1397717.571,12361549313,2182368.719,19301079917.0,784651.1482320491,6939530604.577854
2018-04-22,Down,1065.5,1067.3,9735000,9757000,9500000,9602000,-133000,-0.0137,12583,121000000000.0,9307000,9483067,8903600,9919141,7888059.473999999,0.84,0.23,-133000,0,133000,319600.0,123666.6667,2.584366577,72.10106783,8868050,8700509,167541,-113118,82.64285714,88.83550213,8915.31,9020.67,8727.68,8787.02,29458,1067,9375750,8915.42,9015.0,8754.01,8795.01,7805.767099,249.55,1,0.56,78.54236028,15.126666666666667,15.316666666666666,14.756666666666666,15.116666666666667,15.116666666666667,0.866026236,8496.757398,1.03529926,1.1888446559999999,62.14222925,-1.184540133,152.810003,151.4621004,1.54353538,3.141244323,777352.7812,6838128846,777352.7812,6838128846,140341.7982,1234542825.0,31,652118.8672,5736485344,777352.7812,6838128846,1396179.185,12281750825,2173531.9669999997,19119879671.0,777352.7812259891,6838128845.9095
2018-04-23,Up,1067.1,1069.0,9602000,9771000,9530000,9760000,158000,0.0165,12886,125000000000.0,9528600,9634067,9042100,10108024,7976175.631,0.84,0.24,158000,158000,0,292666.6667,173000.0,1.6917148359999998,62.84896206,9005273,8778990,226283,-45238,93.16720257,89.46755077,8785.7,8985.0,8745.0,8934.01,25838,1069,9550457,8795.0,8991.0,8775.1,8931.3,8040.33558,249.55,1,0.56,79.65804065,15.41,15.55,15.01,15.25,15.25,1.145978038,8886.497931999998,1.00546808,1.139595844,63.12339448,-0.847894417,268.46480130000003,264.6792856,2.46297983,2.724514884,780377.2890000001,6972741311,780377.2890000001,6972741311,137930.0795,1232417674.0,28,652512.2578,5830255749,780377.2890000001,6972741311,1396706.9640000002,12479702424,2177084.253,19452443735.0,780377.2889944192,6972741311.121144
2018-04-24,Up,1074.8,1076.8,9758000,10670000,9730000,10505000,745000,0.0763,23344,236000000000.0,9830800,9959533,9257600,10528373,7986827.259,0.99,0.27,745000,745000,0,364666.6667,173000.0,2.107899807,67.82393056,9236000,8906842,329158,29641,91.58163265,89.13056412,8934.0,9731.01,8922.0,9619.99,46269,1077,10360729,8931.31,9728.56,8930.0,9645.1,20843.27007,249.55,1,0.56,84.34606244,16.14,16.8801,16.0,16.88,16.88,0.6849954309999999,8552.158388,1.13125302,1.257411424,68.02801337,-0.8812666370000001,303.0490132,296.18529689999997,2.42439211,2.5887802090000003,812342.7251,7859135607,812342.7251,7859135607,166239.2416,1608307310.0,29,653869.625,6325963037,812342.7251,7859135607,1401845.102,13562367721,2214187.827,21421503328.0,812342.7251070192,7859135607.170249
2018-04-25,Down,1075.1,1080.6,10505000,10755000,9723000,9829000,-676000,-0.0644,25690,262000000000.0,9886200,9958933,9374200,10619054,8129346.3379999995,0.68,0.27,-676000,0,676000,364666.6667,340666.6667,1.070450098,51.70132325,9327231,8975150,352081,94129,37.00680272,73.91854598,9618.96,9759.82,8730.0,8869.99,81110,1081,9588459,9645.0,9763.49,8602.43,8865.98,31814.128839999998,249.55,1,0.56,78.97388494,15.925,15.93,13.9,15.07,15.07,0.011518282,11056.229140000001,0.80486868,0.9863028290000001,59.31732611,-1.055848999,197.46130359999998,194.0489901,2.49951017,2.4411811,856954.2537,7625875225,856954.2537,7625875225,199709.3644,1777176189.0,64,652872.2827,5809788030,856954.2537,7625875225,1393788.458,12403062150,2250742.711,20028937375.0,856954.2537263792,7625875224.988475
2018-04-26,Up,1077.8,1080.9,9829000,10508000,9510000,10130000,301000,0.0306,22295,219000000000.0,9965200,10040200,9520900,10741452,8300347.518999999,0.75,0.26,301000,301000,0,355571.4286,404500.0,0.879039378,46.78131755,9450734,9060695,390039,153311,50.19920319,59.59587952,8869.99,9307.48,8651.62,9266.0,43300,1081,10016546,8865.98,9318.0,8660.0,9272.11,15216.8497,249.55,1,0.56,74.21187816,14.9,15.55,14.5,15.35,15.35,0.24854648399999998,9645.795629,0.95918656,1.063610237,62.07454631,-0.7873777240000001,266.2120269,262.95693900000003,2.00159419,2.320217827,853854.8033,7899964968,853854.8033,7899964968,202281.1703,1871529155.0,47,652433.8993,6036395097,853854.8033,7899964968,1382488.773,12790948568,2236343.576,20690913535.0,853854.8032566792,7899964967.670179
2018-04-27,Down,1073.7,1076.6,10130000,10200000,9778000,9819000,-311000,-0.0307,17528,176000000000.0,10008600,9991467,9657800,10653589,8662010.544,0.58,0.21,-311000,0,311000,381166.6667,373333.3333,1.020982143,50.51910758,9507390,9116865,390525,200754,24.81927711,37.34176101,9267.03,9395.0,8889.0,8915.35,37241,1077,9601832,9272.12,9369.0,8910.0,8922.55,12087.28643,249.55,1,0.56,82.89039688,15.99,16.2,15.37,15.5,15.5,0.198243439,9578.86749,0.93136767,1.1008479629999999,59.69165303,-0.9168198470000001,201.3567565,198.1219853,1.67797297,2.18558993,849029.7469,7574574313,849029.7469,7574574313,203782.3176,1818033248.0,55,652366.8798,5820056869,849029.7469,7574574313,1389929.915,12400186764,2238959.662,19974761077.0,849029.7468970192,7574574312.880045
2018-04-28,Up,1073.7,1076.6,9821000,10118000,9750000,10043000,224000,0.0228,12165,122000000000.0,10065200,10002933,9796900,10551154,9042645.693,0.66,0.15,224000,224000,0,361500.0,373333.3333,0.968303571,49.19482876,9589792,9185468,404324,241468,42.81124498,39.27657509,8915.35,9427.48,8870.0,9348.0,34760,1077,10067796,8922.56,9447.0,8863.42,9329.99,8849.513663,249.55,1,0.56,82.09262111,16.04,16.21333333333333,15.453333333333333,15.616666666666667,15.616666666666667,0.08121455400000001,10627.556120000001,0.87896313,0.991182675,62.50441392,-0.9631550320000001,163.0306865,160.05336530000002,1.52365128,2.0190908469999997,830011.0362,7753323992,830011.0362,7753323992,205941.0912,1923743099.0,54,652404.6232,6094261639,830011.0362,7753323992,1394051.332,13022154128,2224062.369,20775478120.0,830011.0362051391,7753323991.730532
2018-04-29,Up,1073.7,1076.6,10043000,10256000,9894000,10187000,144000,0.0143,14834,150000000000.0,10001600,10043533,9916200,10477432,9354967.927000001,0.74,0.11,144000,144000,0,292500.0,373333.3333,0.783482143,43.92991239,9681670,9259656,422014,277577,54.37751004,40.66934404,9348.0,9570.51,9163.74,9419.0,38150,1077,10144263,9329.99,9512.5,9179.99,9389.01,7937.988122,249.55,1,0.56,81.29484534,16.09,16.226666666666667,15.536666666666665,15.733333333333333,15.733333333333333,0.016955376,8610.665719,1.09284311,1.223184976,62.91856959,-0.8316945240000001,343.728886,342.7689941,3.86212231,2.350317551,838362.7088,7889082515,838362.7088,7889082515,214254.5879,2016158526.0,61,652494.3454,6140041389,838362.7088,7889082515,1389125.0380000002,13071814777,2227487.746,20960897292.0,838362.7088300191,7889082515.448884
2018-04-30,Down,1065.7,1068.0,10187000,10292000,9934000,10138000,-49000,-0.0048,14851,150000000000.0,10063400,10089000,9974800,10492359,9457241.269,0.66,0.1,-49000,0,49000,314400.0,292250.0,1.075791275,51.825599600000004,9751874,9324718,427156,307493,62.9258517,53.37153557,9417.04,9458.64,9124.99,9246.01,35002,1068,9874739,9389.01,9447.0,9110.88,9243.83,8862.273201,249.55,1,0.56,80.49706957,16.14,16.24,15.62,15.85,15.85,0.204380897,8778.323765000001,1.05087185,1.187872083,61.86345244,-1.131447246,269.27881510000003,266.12408369999997,2.3213691,2.330087447,839732.8393,7746445871,839732.8393,7746445871,217495.5063,2006372846.0,59,652715.545,6021231280,839732.8393,7746445871,1388511.95,12808874632,2228244.789,20555320503.0,839732.8393329191,7746445871.340517
2018-05-01,Down,1065.7,1068.0,10135000,10144000,9740000,9896000,-242000,-0.0239,15400,153000000000.0,10016600,10033200,9990900,10487199,9494601.34,0.4,0.1,-242000,0,242000,314400.0,319500.0,0.984037559,49.59772835,9774048,9367035,407012,327397,28.26086957,48.52141044,9246.01,9248.99,8800.49,9071.48,41018,1068,9688341,9243.83,9245.37,8831.21,9072.29,11372.35045,250.55,1,0.99,73.32487031,15.3,15.33,14.76,14.94,14.94,0.08721229300000001,8612.646732,1.05555434,1.16595144,60.72673855,-1.1584128390000001,317.3316437,313.6857837,3.56552409,2.493106301,839508.5554,7632070220,839508.5554,7632070220,218284.9403,1984453859.0,56,652331.6457,5930423096,839508.5554,7632070220,1384267.408,12584536501,2223775.963,20216606720.0,839508.5553773592,7632070219.603164
2018-05-02,Up,1072.5,1076.1,9896000,10078000,9811000,10032000,136000,0.0137,11829,118000000000.0,10059200,10038333,10033900,10457096,9610704.112,0.5,0.08,136000,136000,0,310000.0,319500.0,0.9702660409999999,49.24543288,9813733,9416292,397441,341406,52.89855072,48.028424,9071.48,9268.0,8970.2,9247.84,26124,1076,9950676,9072.29,9251.05,8990.0,9190.48,8825.624615,250.55,1,0.99,64.80618197,14.9,15.15,14.3,14.44,14.44,-0.320483626,9720.987026,0.94861115,1.0518683229999999,64.25840086,-0.8313287009999999,206.9619735,200.5459178,1.76890576,2.388734243,839111.3536,7737812204,839111.3536,7737812204,216313.8551,1994724515.0,52,653687.4725,6027937627,839111.3536,7737812204,1383986.105,12762340213,2223097.458,20500152417.0,839111.3536078392,7737812203.578425
2018-05-03,Up,1074.7,1076.3,10032000,10785000,10010000,10683000,651000,0.0649,20391,209000000000.0,10187200,10246267,10126200,10658686,9593713.906,1.02,0.11,651000,651000,0,291200.0,319500.0,0.9114241,47.68298674,9947466,9510122,437344,360593,90.23923445,57.13288491,9247.81,9844.0,9168.4,9750.0,38768,1076,10491000,9190.47,9800.0,9131.0,9725.74,14956.454440000001,250.55,1,0.99,64.18822264,14.89,15.64,14.89,15.2,15.2,-0.471652566,9013.835653,1.08110617,1.161481781,67.88575684,-0.463006691,259.42273059999997,250.2624058,2.40206232,2.445943976,846274.0649,8246867418,846274.0649,8246867418,218541.1517,2129664583.0,55,653920.7168,6372400712,846274.0649,8246867418,1383333.3530000001,13480463631,2229607.417,21727331050.0,846274.0648696693,8246867418.399817
2018-05-04,Down,1074.8,1077.2,10670000,10901000,10500000,10645000,-38000,-0.0036,12582,134000000000.0,10278800,10398867,10140200,10717281,9563118.515,0.94,0.11,-38000,0,38000,291200.0,160000.0,1.82,64.53900709,10054779,9594187,460592,380593,77.95004307,73.69594275,9750.0,9830.04,9520.85,9713.99,28682,1077,10461967,9725.74,9745.0,9451.5,9685.0,10837.9026,250.55,1,0.99,69.16911506,15.525,15.7,15.26,15.59,15.59,-0.369774609,9863.965099,0.9857693999999999,1.094783685,68.97971474,-0.9283337290000001,160.5929687,156.93353169999997,1.3964606000000002,2.405727923,855085.3793,8314503918,855085.3793,8314503918,219655.6418,2135842501.0,56,654260.8309,6361767344,855085.3793,8314503918,1378875.9619999998,13407631409,2233961.341,21722135327.0,855085.3792651093,8314503918.39532
2018-05-05,Up,1074.8,1077.2,10645000,10907000,10621000,10820000,175000,0.0164,9582,103000000000.0,10415200,10579267,10239300,10902514,9576085.977,0.94,0.13,175000,175000,0,266000.0,160000.0,1.6625,62.44131455,10172505,9684988,487517,401978,92.54498715,86.91142155,9714.0,10020.0,9682.0,9864.0,24990,1077,10623528,9685.0,9948.12,9660.28,9800.0,9391.101071,250.55,1,0.99,68.88438142999999,15.34,15.513333333333334,15.043333333333333,15.383333333333333,15.383333333333333,0.028529781,8455.827227,1.16389953,1.28792646,69.98568825,-0.963933409,261.6404524,258.7359793,2.21729197,2.50481945,857275.6163,8437078009,857275.6163,8437078009,217467.7461,2140259566.0,63,655211.8713,6448420514,857275.6163,8437078009,1380981.689,13591253526,2238257.306,22028331535.0,857275.6163212092,8437078008.999464
2018-05-06,Down,1074.8,1077.2,10820000,10963000,10500000,10684000,-136000,-0.0126,8806,94436279578.0,10572800,10668867,10294700,11003150,9586250.397,0.77,0.14,-136000,0,136000,266000.0,116250.0,2.2881720430000003,69.58796599,10251197,9758989,492208,420024,75.78125,82.0920934,9863.99,9970.0,9417.03,9659.01,27690,1077,10402754,9799.99,9880.0,9390.0,9600.0,7651.215006,250.55,1,0.99,68.5996478,15.155000000000001,15.326666666666666,14.826666666666666,15.176666666666668,15.176666666666668,-0.080969025,9938.140026000001,0.97030128,1.076075323,70.60383497,-1.004848782,249.52362680000002,247.29969649999998,2.49523627,2.3095500159999998,854823.8409999999,8243057751,854823.8409999999,8243057751,216415.9393,2086896738.0,67,655314.7805,6319193875,854823.8409999999,8243057751,1379825.091,13305639555,2234648.932,21548697306.0,854823.8410277992,8243057750.792657
2018-05-07,Down,1074.8,1077.2,10684000,10721000,10264000,10422000,-262000,-0.0245,8143,84745378279.0,10650800,10618600,10355000,10990077,9719923.312,0.55,0.12,-262000,0,262000,276500.0,145400.0,1.901650619,65.53685708,10277474,9808101,469373,429894,43.23189927,70.5193788,9661.02,9689.67,9181.0,9365.0,33788,1077,10086105,9600.0,9619.55,9162.85,9353.0,9909.982462,250.55,1,0.99,68.31491417,14.97,15.14,14.61,14.97,14.97,0.10622147400000001,9077.834557,1.03131974,1.137806948,69.76068315,-0.622623585,192.5602584,190.33334130000003,1.61815343,2.2090906340000003,863345.625,8082771243,863345.625,8082771243,214936.1624,2012264593.0,56,655160.2052,6133708115,863345.625,8082771243,1377251.879,12894038677,2240597.504,20976809920.0,863345.6249867191,8082771242.969412
2018-05-08,Down,1075.5,1076.5,10439000,10499000,10130000,10233000,-189000,-0.0181,7651,78939835696.0,10560800,10479333,10374000,10981367,9766633.224,0.38,0.12,-189000,0,189000,320666.6667,152666.6667,2.100436681,67.74647887,10270632,9839575,431057,430126,12.36494598,43.79269841,9365.0,9475.7,9060.54,9187.56,25534,1077,9895002,9356.25,9463.13,9050.0,9177.82,9561.980019,250.55,1,0.99,68.66307275,14.67,14.7101,14.36,14.7101,14.7101,0.508630615,9797.224347,0.94132341,1.041881106,69.92214898,-0.9079535790000001,200.53453869999998,194.67900680000002,1.61721402,1.9307606240000001,855719.3829999999,7891749356,855719.3829999999,7891749356,213997.3641,1973560018.0,62,656462.2278,6054128803,855719.3829999999,7891749356,1380128.6619999998,12728038770,2235848.045,20619788126.0,855719.3829836091,7891749356.457627
2018-05-09,Up,1078.8,1080.9,10230000,10433000,9917000,10405000,172000,0.0168,9955,101000000000.0,10512800,10427400,10395800,10990266,9801333.651,0.51,0.11,172000,172000,0,283500.0,173400.0,1.6349480969999999,62.04858831,10291304,9881458,409846,426070,46.65391969,34.08358831,9178.0,9390.0,8965.0,9310.0,25674,1081,10064110,9177.81,9370.0,8960.0,9300.08,8628.950832999999,250.55,1,0.99,69.28327784,15.02,15.17,14.9,14.97,14.97,0.7036527990000001,8512.338648,1.09354143,1.182951238,70.88525696,-0.9124197890000001,553.5223844999999,549.3282026,4.257864499999999,2.286326159,851615.3022,7927341944,851615.3022,7927341944,211947.7877,1972936117.0,53,657753.6723,6122762545,851615.3022,7927341944,1383411.0880000002,12877613538,2235026.39,20804955482.0,851615.3022445191,7927341944.396819
2018-05-10,Down,1072.0,1073.1,10405000,10474000,9895000,9976000,-429000,-0.0412,9078,93275451570.0,10344000,10248467,10379600,11009083,9750116.91,0.18,0.12,-429000,0,429000,283500.0,210800.0,1.34487666,57.3538337,10242796,9888461,354334,411723,7.584269663,22.20104511,9310.0,9395.12,8970.0,9002.2,25055,1073,9659361,9300.08,9386.32,9001.01,9010.51,7596.4613469999995,250.55,1,0.99,70.34267692,15.2,15.2,14.36,14.58,14.58,0.683903534,8844.988205,1.02194427,1.145430538,68.59765681,-0.7930840659999999,759.7394171,753.6988442,6.17674323,2.8255662889999997,856505.6958,7742027787,856505.6958,7742027787,213571.8388,1930494004.0,63,658774.3788,5954717605,856505.6958,7742027787,1364533.593,12334135131,2221039.289,20076162918.0,856505.6957842291,7742027787.177788
2018-05-11,Down,1066.5,1069.3,9976000,9985000,8788000,9256000,-720000,-0.0722,20998,199000000000.0,10058400,9885800,10315600,11205155,9426044.965,-0.1,0.17,-720000,0,720000,332666.6667,295666.6667,1.125140924,52.94429708,10090981,9841612,249369,379252,24.21107087,26.14975341,9002.21,9016.8,8341.0,8400.0,48227,1069,8979600,9010.51,9010.51,8351.0,8403.33,17512.92698,250.55,1,0.99,76.58150603,13.71,14.19,13.36,14.1,14.1,0.449712768,10726.41877,0.78170918,0.890446188,63.94837158,-0.43355286200000004,452.8825699,446.23573889999994,4.71752677,3.300004313,865977.8206,7261172067,865977.8206,7261172067,212787.943,1784214135.0,41,657815.2323,5515741254,865977.8206,7261172067,1361890.5790000001,11419370792,2227868.4,18680542859.0,865977.8206061791,7261172067.113576
2018-05-12,Up,1066.5,1069.3,9257000,9644000,9014000,9481000,225000,0.0243,10980,103000000000.0,9870200,9693333,10260500,11273227,9247773.285,0.12,0.2,225000,225000,0,190666.6667,295666.6667,0.644870349,39.20493489,9997138,9814900,182237,339849,40.50263004,24.09932353,8405.94,8646.88,8153.0,8465.94,40241,1069,9050090,8403.33,8658.57,8223.43,8475.0,11392.076490000001,250.55,1,0.99,76.42838154,13.798333333333334,14.376666666666667,13.51,14.233333333333333,14.233333333333333,0.275278405,8257.092022,1.02444571,1.1078681000000001,61.69789454,-1.016085242,257.8061672,252.328652,1.96798601,3.2643891760000003,870432.6066,7362939369,870432.6066,7362939369,210948.3239,1784399742.0,44,659010.0705,5574528293,870432.6066,7362939369,1361488.793,11516755410,2231921.399,18879694779.0,870432.606553409,7362939368.960409
2018-05-13,Up,1066.5,1069.3,9480000,9851000,9360000,9803000,322000,0.034,8513,81838304671.0,9784200,9670933,10172500,11175974,9169026.332999999,0.32,0.2,322000,322000,0,223500.0,347200.0,0.6437211979999999,39.1624321,9967270,9814019,153252,302530,60.20166074,41.63845388,8475.44,8763.36,8298.0,8679.71,25633,1069,9278610,8474.31,8774.32,8345.0,8686.1,6678.594312,250.55,1,0.99,76.27525705,13.886666666666667,14.563333333333333,13.66,14.366666666666667,14.366666666666667,0.46877202799999995,9206.541781,0.94322686,1.004671128,63.23041416,-0.97232076,147.3004857,146.3067864,1.86456311,3.17429301,867677.1596,7534784810,867677.1596,7534784810,209666.0097,1820709750.0,40,659585.2888,5727744657,867677.1596,7534784810,1362987.689,11835990862,2230664.848,19370775672.0,867677.159602599,7534784809.993727
2018-05-14,Down,1064.9,1068.0,9804000,9935000,9400000,9797000,-6000,-0.0006,12813,124000000000.0,9662600,9675200,10087700,11059962,9115438.286,0.35,0.19,-6000,0,6000,239666.6667,290333.3333,0.825487945,45.22012579,9941075,9812758,128317,267687,59.84578885,53.51669321,8679.71,8879.99,8277.0,8663.34,37390,1068,9252447,8686.1,8880.01,8289.79,8670.0,14127.778680000001,250.55,1,0.99,76.12213256,13.975,14.75,13.81,14.5,14.5,0.585469902,10323.48624,0.83950355,0.909698727,63.11499663,-0.733225589,153.1031607,149.8425913,1.64627054,3.17830974,860365.9002,7456449979,860365.9002,7456449979,208744.3224,1809104240.0,40,660378.6982,5723240228,860365.9002,7456449979,1361902.2240000002,11803066351,2222268.124,19259516330.0,860365.900221669,7456449978.744583
2018-05-15,Down,1069.3,1073.8,9802000,9879000,9458000,9500000,-297000,-0.0303,8326,80714050266.0,9567400,9621000,9955700,10849707,9061693.266,0.25,0.18,-297000,0,297000,239666.6667,317166.6667,0.755648975,43.04100569,9873217,9789591,83626,230875,59.48203843,59.84316267,8663.37,8859.99,8401.3,8462.0,28127,1074,9088188,8670.0,8847.0,8420.45,8477.46,10892.26808,250.55,1,0.99,77.14917378,14.59,14.68,13.9,14.25,14.25,0.557294186,9334.562902,0.90905881,1.006910302,61.667260999999996,-0.6964929129999999,544.3572247000001,539.8366158,4.38997762,3.574418826,860424.3513,7301274237,860424.3513,7301274237,208346.2344,1767956696.0,40,658709.5482,5589589656,860424.3513,7301274237,1358763.856,11530017162,2219188.207,18831291399.0,860424.351335449,7301274237.318377
2018-05-16,Down,1076.3,1077.6,9500000,9542000,9015000,9297000,-203000,-0.0214,12219,113000000000.0,9575600,9530867,9817000,10643851,8990148.623,0.19,0.17,-203000,0,203000,239666.6667,307333.3333,0.7798264640000001,43.81474711,9784568,9753103,31466,190993,30.72747014,50.01843247,8462.0,8488.0,8083.01,8330.0,31131,1078,8979740,8477.47,8500.0,8103.33,8344.0,10858.39387,250.55,1,0.99,73.57138912,13.9,13.99,13.55,13.75,13.75,0.35057840799999995,7614.66583,1.09112799,1.172752492,58.18020092,-0.528325484,158.2063102,156.63442990000001,1.50672676,3.1813991489999998,854174.2832,7096971095,854174.2832,7096971095,206046.7539,1711954909.0,32,658388.2819,5470268419,854174.2832,7096971095,1356673.011,11272019464,2210847.294,18368990559.0,854174.2831841491,7096971094.906742
2018-05-17,Down,1077.0,1081.2,9297000,9390000,9020000,9090000,-207000,-0.0223,6922,63909130322.0,9497400,9369000,9683800,10507035,8860565.015,0.14,0.17,-207000,0,207000,239666.6667,310333.3333,0.772287863,43.57575758,9677712,9703984,-26272,147540,8.152173913,32.78722749,8330.0,8464.0,7979.0,8041.46,25440,1081,8692818,8344.01,8483.48,8001.0,8059.0,8477.742995999999,250.55,1,0.99,76.85048115,13.765,13.92,13.49,13.53,13.53,0.40369984,10326.948359999999,0.77839549,0.8798943109999999,56.16820475,-0.9114777959999999,405.411599,403.63022989999996,4.60694999,2.957142971,848940.4312,6824165210,848940.4312,6824165210,205818.0164,1654457834.0,31,674095.8343,5418685659,848940.4312,6824165210,1372512.532,11032873364,2221452.963,17857038573.0,848940.431242489,6824165209.521186
2018-05-18,Up,1077.4,1077.6,9072000,9186000,8881000,9165000,75000,0.0083,5904,53233771175.0,9369800,9258200,9577000,10363832,8790168.379,0.24,0.16,75000,75000,0,207333.3333,310333.3333,0.6680988179999999,40.0515132,9598833,9664059,-65226,104987,26.94497154,21.94153853,8038.82,8273.21,7911.9,8239.81,23476,1078,8882515,8059.0,8280.0,7927.21,8238.51,8239.275926,250.55,1,0.99,72.95102787,13.54,13.82,13.1,13.535,13.535,0.26294335399999996,9211.521511,0.89359034,0.968359379,53.09901495,-0.798736192,161.7293731,160.4051462,1.66731312,2.5213981640000003,849073.4796,6989001174,849073.4796,6989001174,204248.8706,1681239175.0,37,674189.7813,5549476325,849073.4796,6989001174,1368552.874,11265005766,2217626.3540000003,18254006941.0,849073.479570799,6989001174.353404
2018-05-19,Down,1077.4,1077.6,9165000,9299000,9068000,9112000,-53000,-0.0058,6285,57548357610.0,9232800,9172267,9447700,10051427,8843972.876,0.22,0.13,-53000,0,53000,207333.3333,247666.6667,0.8371467029999999,45.56776557,9523936,9623166,-99230,64143,23.14629259,19.41447935,8238.01,8390.8,8095.73,8233.49,17193,1078,8875702,8238.51,8390.0,8152.54,8235.6,4198.420451,250.55,1,0.99,72.21029006666667,13.678333333333333,13.873333333333333,13.246666666666666,13.56,13.56,0.329246715,8853.631062,0.93064077,1.0011731659999998,53.0697841,-0.878888661,176.4227668,175.2747564,1.83773715,2.502791184,852585.5385,7024921174,852585.5385,7024921174,203691.9653,1678330133.0,31,674232.4021,5555371589,852585.5385,7024921174,1366362.157,11258209313,2218947.696,18283130487.0,852585.538546599,7024921174.131629
2018-05-20,Up,1077.4,1077.6,9112000,9398000,9051000,9370000,258000,0.0283,4901,45169962150.0,9206800,9218000,9387100,9877581,8896619.052000001,0.48,0.1,258000,258000,0,220000.0,153200.0,1.4360313319999998,58.94962487,9500253,9604413,-104160,30483,73.97881997,41.356694700000006,8233.49,8609.0,8163.9,8526.98,19957,1078,9192084,8235.6,8600.0,8172.0,8516.86,4486.830713,250.55,1,0.99,71.46955226333333,13.816666666666666,13.926666666666668,13.393333333333333,13.584999999999999,13.584999999999999,0.55816437,9469.466553,0.89990391,0.9451637620000001,54.93270267,-0.9749968170000001,164.7481433,162.78771940000001,1.71612649,2.481585953,853192.6364,7270574902,853192.6364,7270574902,203023.9169,1730090640.0,32,674423.8909,5747177373,853192.6364,7270574902,1365377.382,11635213551,2218570.018,18905788454.0,853192.636421769,7270574902.458112
2018-05-21,Down,1079.4,1085.4,9370000,9439000,9279000,9345000,-25000,-0.0027,4742,44399589675.0,9216400,9264067,9396000,9879827,8912172.758,0.45,0.1,-25000,0,25000,218333.3333,131833.3333,1.6561314790000001,62.351261300000004,9476368,9585197,-108829,2620,83.15412186,60.09307814,8526.97,8595.31,8305.0,8381.24,21517,1085,9093645,8516.86,8584.39,8309.23,8393.44,5125.878383,250.55,1,0.99,70.72881446,13.955,13.98,13.54,13.61,13.61,0.920044392,8686.370595999999,0.96595157,1.040596143,53.75448892,-0.9932236459999999,368.2165349,365.95765750000004,4.09129483,2.830875137,852159.0815,7150137352,852159.0815,7150137352,202647.1484,1700333865.0,41,674124.8606,5656321044,852159.0815,7150137352,1366635.604,11466910922,2218794.6859999998,18617048274.0,852159.081536309,7150137351.656801
2018-05-22,Down,1079.4,1085.4,9345000,9356000,8931000,8940000,-405000,-0.0433,5000,45871812675.0,9186400,9171933,9341900,9892051,8791749.148,0.13,0.12,-405000,0,405000,166500.0,170857.1429,0.974498328,49.35422401,9393850,9537405,-143555,-26615,10.573476699999999,55.90213951,8386.89,8400.18,7935.11,7977.11,23711,1085,8655164,8393.43,8400.0,7950.0,7987.7,6905.266001999999,250.55,1,0.99,72.47252159,13.31,13.35,13.08,13.08,13.08,1.028493955,9032.524395,0.88744128,0.9732932390000001,51.14011811,-0.823299155,422.36102360000007,419.58806510000005,4.22361024,2.807108369,852880.2134,6836547065,852880.2134,6836547065,202261.7291,1621296647.0,30,674224.6836,5404473817,852880.2134,6836547065,1366622.965,10954624193,2219503.1780000003,17791171258.0,852880.213386049,6836547065.267361
2018-05-23,Down,1076.9,1080.7,8940000,9020000,8433000,8483000,-457000,-0.0511,8085,71269244524.0,9050000,8937467,9209900,9875489,8544311.268,-0.05,0.14,-457000,0,457000,166500.0,235285.7143,0.7076502729999999,41.44,9253719,9459301,-205582,-62408,4.970178926,32.89925916,7977.12,8031.9,7425.0,7501.95,42911,1081,8109608,7987.7,8030.06,7433.19,7505.0,15892.466769999999,250.55,1,0.99,71.49543340000001,12.855,12.9,11.56,12.22,12.22,0.7104046820000001,8420.204837000001,0.89426981,0.9813185090000001,48.08669452,-0.896698074,324.9774,310.8330108,2.49982615,2.94897971,864286.4709,6508020947,864286.4709,6508020947,201731.6501,1519026213.0,26,674369.2213,5077956403,864286.4709,6508020947,1368164.08,10302186589,2232450.55,16810207536.0,864286.4708501691,6508020946.881168
2018-05-24,Down,1077.0,1079.6,8483000,8767000,8185000,8415000,-68000,-0.008,8771,73928834982.0,8910600,8725800,9071700,9765590,8377810.066000001,0.03,0.15,-68000,0,68000,166500.0,202571.4286,0.8219322990000001,45.1132185,9124685,9381945,-257260,-101378,18.34130781,11.29498781,7501.95,7730.73,7266.99,7575.01,37845,1080,8181011,7505.01,7734.99,7269.0,7584.15,11375.358259999999,250.55,1,0.99,70.04447726,11.555,12.28,11.55,12.24,12.24,0.632259774,9539.973312,0.79055069,0.841535534,48.57452295,-0.9336196240000001,184.67524780000002,181.04737219999998,1.8284678,2.552053683,868178.6205,6547657736,868178.6205,6547657736,202579.8496,1527823293.0,27,674354.7535,5085870596,868178.6205,6547657736,1365484.457,10298255060,2233663.078,16845912796.0,868178.620506169,6547657735.938593
2018-05-25,Down,1076.5,1078.0,8415000,8480000,8180000,8317000,-98000,-0.0116,4317,35876549723.0,8700000,8527933,8953400,9714949,8191851.472,0.08,0.17,-98000,0,98000,166500.0,187571.4286,0.887661843,47.02440993,9000426,9303060,-302634,-141629,10.8816521,11.39771295,7578.99,7649.55,7308.15,7457.0,26740,1078,8038646,7584.15,7661.85,7326.94,7459.11,8681.380044,250.55,1,0.99,71.49576228,12.15,12.27,11.96,12.15,12.15,0.506502914,7752.228316,0.95814677,1.025113932,47.80752673,-0.671415703,184.36139169999998,181.9879116,1.94064623,2.59110127,858494.8717,6376704599,858494.8717,6376704599,202735.9414,1505876450.0,25,674964.7331,5013484483,858494.8717,6376704599,1368138.593,10162222218,2226633.465,16538926817.0,858494.8717045591,6376704599.438152
2018-05-26,Down,1076.5,1078.0,8317000,8420000,8122000,8162000,-155000,-0.0186,3100,25693093105.0,8463400,8348600,8839900,9695311,7984488.777000001,0.1,0.19,-155000,0,155000,166500.0,180142.8571,0.924266455,48.03214506,8871438,9218537,-347100,-182724,3.2414910860000004,10.82148367,7456.99,7620.0,7300.0,7333.96,19464,1078,7906009,7459.11,7640.46,7287.23,7337.95,4572.291631,250.55,1,0.99,71.46956275,12.22375,12.3525,11.947500000000002,12.15,12.15,0.887401199,8423.173973,0.87032909,0.9390285359999999,46.90394226,-1.151884617,171.4803222,171.13139850000002,2.52176944,2.688820169,856020.2968,6275427728,856020.2968,6275427728,201528.6955,1477393431.0,23,675060.6646,4948824728,856020.2968,6275427728,1367780.8469999998,10027110206,2223801.144,16302537933.0,856020.2967631591,6275427727.548081
2018-05-27,Up,1076.5,1078.0,8162000,8216000,8040000,8182000,20000,0.0025,2635,21410944207.0,8311800,8254800,8749100,9669351,7828848.534,0.19,0.21,20000,20000,0,139000.0,180142.8571,0.771609833,43.55416294,8765370,9141757,-376387,-221456,14.48979592,9.53764637,7334.0,7400.0,7231.11,7338.99,18707,1078,7911431,7337.94,7392.7,7229.01,7346.64,4568.215903,250.55,1,0.99,71.44336322,12.2975,12.434999999999999,11.935,12.15,12.15,0.9250252170000001,8321.452342,0.88210203,0.926164833,46.93882727,-1.182897143,268.16630200000003,267.1884575,3.52850397,2.9477312369999997,852447.563,6257280518,852447.563,6257280518,200043.7064,1468394821.0,19,674910.0059,4954089160,852447.563,6257280518,1366207.9109999998,10028471562,2218655.474,16285752081.0,852447.563034639,6257280518.2725725
2018-05-28,Down,1071.5,1074.2,8182000,8261000,7858000,7903000,-279000,-0.0341,5922,47889340054.0,8195800,8118533,8622900,9623061,7622739.033,0.14,0.23,-279000,0,279000,139000.0,212428.5714,0.6543375920000001,39.55284553,8632698,9049997,-417299,-260625,4.95049505,7.560594018,7338.99,7437.0,7058.02,7099.0,27219,1074,7624326,7346.64,7444.8,7087.0,7107.94,7785.666816,250.55,1,0.99,71.41716369,12.37125,12.5175,11.9225,12.15,12.15,0.7154411140000001,8749.193485,0.81224458,0.8761449020000001,45.43308003,-0.682853657,285.1964155,280.8149965,2.45858979,2.71448766,850248.2235,6042276247,850248.2235,6042276247,198135.8104,1408049164.0,22,674915.6048,4796277622,850248.2235,6042276247,1366202.5990000002,9708898278,2216450.8230000003,15751174525.0,850248.223542319,6042276246.8801365
2018-05-29,Up,1074.0,1076.8,7903000,8360000,7813000,8299000,396000,0.0501,6683,54079954311.0,8172600,8152933,8541600,9500850,7582350.21,0.37,0.22,396000,396000,0,208000.0,212428.5714,0.9791526559999999,49.47332654,8581360,8994368,-413008,-291101,72.86356822,30.76795306,7099.0,7540.0,7032.95,7461.29,39407,1077,8035809,7107.94,7524.99,7058.0,7460.0,10350.09174,250.55,1,0.99,71.39096416,12.445,12.6,11.91,12.15,12.15,0.186751712,9820.238731,0.75904137,0.784031609,47.69889165,-0.9099568690000001,167.8920019,165.3621592,1.39910002,2.3109862,854510.359,6369492445,854510.359,6369492445,199507.0414,1487119003.0,16,675646.6121,5036247888,854510.359,6369492445,1369121.2319999998,10205385169,2223631.591,16574877613.0,854510.359038489,6369492444.686229
2018-05-30,Down,1079.6,1080.9,8300000,8436000,8100000,8207000,-92000,-0.0111,6755,56062998960.0,8150600,8164400,8425300,9223010,7627589.752,0.36,0.19,-92000,0,92000,208000.0,222000.0,0.936936937,48.37209302,8523766,8936044,-412278,-315337,63.2423756,47.01881296,7467.98,7569.0,7260.5,7375.96,32042,1081,7973413,7460.0,7557.78,7272.71,7380.01,6250.204776,250.55,1,0.99,70.6330571,12.25,12.4,11.76,11.96,11.96,-0.35108448600000003,7845.903354000001,0.94150471,0.995162978,47.16631403,-0.944597253,584.3296062999999,574.2077707999999,4.91033283,2.655344297,853587.8779,6305415243,853587.8779,6305415243,198723.1382,1467958879.0,38,675618.3273,4990762181,853587.8779,6305415243,1368163.868,10106564924,2221751.746,16411980166.0,853587.8778964191,6305415242.566342
2018-05-31,Up,1074.1,1077.7,8198000,8375000,8110000,8282000,75000,0.0091,4978,41199561909.0,8174600,8208200,8319000,8829899,7808101.183999999,0.46,0.12,75000,75000,0,163666.6667,191500.0,0.854656223,46.08165181,8486571,8887596,-401025,-332474,75.28089888,70.4622809,7382.07,7699.0,7327.51,7485.01,30776,1078,8068841,7380.0,7609.99,7340.0,7485.0,6067.828015,250.55,1,0.99,72.68673087,12.1,12.3,11.91,12.2799,12.2799,-0.706330465,8031.512845,0.93223118,0.98052002,47.79875325,-0.9141624159999999,275.0971376,271.59132939999995,1.92375621,2.668956927,850884.5904,6370765795,850884.5904,6370765795,199179.5994,1491302808.0,25,676007.0689,5061418153,850884.5904,6370765795,1368346.049,10245117027,2219230.639,16615882822.0,850884.5903959092,6370765795.470831
2018-06-01,Down,1074.4,1075.0,8278000,8370000,8139000,8282000,0,0.0,3751,30985647856.0,8194600,8244000,8253200,8553184,7953216.267000001,0.55,0.07,0,0,0,163666.6667,138400.0,1.18256262,54.18229971,8455099,8842737,-387639,-343507,75.28089888,71.26805778,7485.01,7608.55,7355.54,7521.01,28259,1075,8085086,7485.0,7599.99,7351.01,7514.32,6936.822982,251.59,1,1.04,69.40045795,12.3,12.3,11.9,12.1,12.1,-0.871729248,8226.043275,0.91429619,0.951123988,47.98180394,-0.644554925,267.67975309999997,263.87072659999995,2.41152931,2.7362259389999997,850913.224,6399752395,850913.224,6399752395,200191.9476,1505651645.0,24,675804.1476,5082750026,850913.224,6399752395,1367823.255,10287453410,2218736.4790000003,16687205805.0,850913.2240381791,6399752394.520107
2018-06-02,Up,1074.4,1075.0,8282000,8425000,8211000,8339000,57000,0.0069,3557,29631281616.0,8281800,8292133,8238800,8505225,7972375.076,0.69,0.06,57000,57000,0,137000.0,156000.0,0.878205128,46.75767918,8437237,8805423,-368186,-348443,84.43017657,78.33065811,7521.01,7697.33,7437.0,7640.03,26721,1075,8213032,7514.32,7697.09,7440.0,7636.42,5070.864946,251.59,1,1.04,69.07356463333333,12.23,12.236666666666666,11.903333333333334,12.06,12.06,-0.783494735,8984.705155,0.85040112,0.882360969,48.74424557,-0.937480697,271.3190707,270.2953048,2.63416573,2.7522825510000004,856711.0941,6545789641,856711.0941,6545789641,203046.6331,1551398782.0,27,675621.1031,5162152852,856711.0941,6545789641,1367800.5990000002,10450821814,2224511.693,16996611456.0,856711.0941014092,6545789641.292019
2018-06-03,Up,1074.4,1075.0,8338000,8443000,8297000,8419000,80000,0.0096,3756,31491017082.0,8305800,8337867,8239200,8506692,7971708.243,0.84,0.06,80000,80000,0,125600.0,175333.3333,0.71634981,41.73681879,8434432,8776800,-342368,-347228,93.00291545,84.23799696,7636.81,7786.69,7600.0,7714.26,27505,1075,8292830,7636.41,7777.0,7583.24,7706.37,5206.8634520000005,251.59,1,1.04,68.74667131666668,12.16,12.173333333333334,11.906666666666666,12.02,12.02,-0.621101362,8379.37536,0.91974835,0.956491911,49.23086773,-0.992834179,290.2527962,287.9854423,2.87379006,2.658751993,857528.2692,6608898910,857528.2692,6608898910,203011.605,1564593522.0,40,675839.1355,5208635898,857528.2692,6608898910,1368115.979,10543955837,2225644.248,17152854747.0,857528.2691538791,6608898909.682709
2018-06-04,Down,1069.1,1071.9,8419000,8477000,8206000,8248000,-171000,-0.0203,3616,30073576204.0,8314000,8318600,8232300,8494924,7969676.239,0.53,0.06,-171000,0,171000,125600.0,180666.6667,0.695202952,41.01001306,8405750,8737629,-331879,-344158,37.60217984,71.67842395,7714.26,7760.52,7446.5,7487.0,32259,1072,8026064,7706.37,7747.57,7447.61,7487.37,6034.28233,251.59,1,1.04,68.41977800000001,12.09,12.11,11.91,11.98,11.98,-0.762538148,7464.596631999999,1.00380731,1.055358827,47.79038112,-0.8599835090000001,192.0162994,189.3550697,1.92016299,2.581833879,861397.895,6454468784,861397.895,6454468784,203403.4171,1524105194.0,41,675615.8182,5062400586,861397.895,6454468784,1368268.6819999998,10252460039,2229666.577,16706928822.0,861397.8949692892,6454468783.639338
2018-06-05,Up,1067.8,1070.7,8241000,8400000,8130000,8360000,112000,0.0136,3715,30574008153.0,8329600,8333933,8252100,8520333,7983866.594,0.7,0.07,112000,112000,0,144000.0,180666.6667,0.79704797,44.35318275,8398711,8709657,-310945,-337516,66.28242075,65.62917201,7487.0,7679.49,7358.0,7625.0,31723,1071,8166375,7487.37,7677.5,7355.0,7612.51,5740.072261,251.59,1,1.04,71.71323135,11.92,12.45,11.8,12.43,12.43,-1.26851773,7806.835335,0.97593963,0.9957034509999999,48.63620236,-0.697747197,277.2385522,273.1451482,2.80038942,2.7820180789999998,861878.1341,6566649504,861878.1341,6566649504,202834.2922,1545394472.0,26,675820.2829,5149074736,861878.1341,6566649504,1367978.898,10422631220,2229857.0319999997,16989280724.0,861878.1341197592,6566649503.858445
2018-06-06,Down,1067.8,1070.7,8359000,8400000,8208000,8359000,-1000,-0.0001,3334,27751918927.0,8345000,8343733,8269800,8540542,7999057.613,0.66,0.07,-1000,0,1000,144000.0,88000.0,1.636363636,62.06896552,8392602,8683682,-291080,-328229,65.99423631,56.62627897,7626.64,7699.0,7467.05,7658.84,27230,1071,8202618,7612.51,7691.0,7484.0,7655.0,5736.887304,251.59,1,1.04,71.15602975,12.45,12.86,12.3,12.45,12.45,-1.503450051,9294.851593000001,0.82362011,0.851611001,48.87030066,-0.8443509140000001,307.5805377,302.62626869999997,2.8218398,2.483661931,859646.0958,6580957646,859646.0958,6580957646,201306.1393,1541084387.0,42,675824.5995,5173725661,859646.0958,6580957646,1369699.355,10485632965,2229345.451,17066590611.0,859646.0958432691,6580957646.017317
2018-06-07,Up,1066.6,1069.0,8358000,8490000,8330000,8375000,16000,0.0019,3432,28772117047.0,8352200,8353733,8317000,8439474,8194525.512999999,0.74,0.03,16000,16000,0,68000.0,88000.0,0.772727273,43.58974359,8389894,8660817,-270923,-316767,68.05555556,66.77740421,7658.79,7765.0,7620.0,7691.08,25062,1069,8221765,7655.0,7747.0,7635.0,7684.93,5041.522793,251.59,1,1.04,76.07060386,12.72,12.86,12.61,12.86,12.86,-1.321456692,9555.847437999999,0.80443031,0.837494698,49.06648387,-0.764243991,202.9978829,198.1678003,1.95190272,2.487682861,859167.2023,6604429740,859167.2023,6604429740,201071.639,1545640370.0,38,676741.5993,5202121697,859167.2023,6604429740,1367579.562,10512602328,2226746.764,17117032068.0,859167.2022958691,6604429739.608179
2018-06-08,Down,1070.4,1075.9,8375000,8385000,8268000,8341000,-34000,-0.0041,2686,22361068529.0,8336600,8350000,8321200,8443798,8198602.121,0.58,0.03,-34000,0,34000,68000.0,68666.66667,0.9902912620000001,49.75609756,8382372,8637127,-254755,-304365,58.61111111,64.22030099,7691.08,7703.5,7531.0,7603.44,23397,1076,8181301,7684.93,7690.0,7536.58,7618.8,3945.542833,251.59,1,1.04,75.61267275,12.555,12.91,12.35,12.7,12.7,-1.2549840909999999,9457.65179,0.80507369,0.836341839,48.58642555,-0.690829276,178.8256931,176.7007945,1.21650131,2.3169645759999997,857218.3006,6526951577,857218.3006,6526951577,199605.6203,1519818484.0,40,676943.2553,5154318153,857218.3006,6526951577,1368726.804,10421631887,2225945.105,16948583464.0,857218.3006085692,6526951577.455235
2018-06-09,Down,1070.4,1075.9,8341000,8370000,8205000,8233000,-108000,-0.0129,1658,13807141637.0,8333600,8315467,8323800,8437370,8210229.581,0.1,0.03,-108000,0,108000,66250.0,78500.0,0.843949045,45.76856649,8359392,8607191,-247800,-293052,28.61111111,51.75925926,7603.44,7683.98,7450.0,7491.73,19340,1076,8061101,7616.0,7680.0,7468.0,7496.4,2775.246961,251.59,1,1.04,76.78427034,12.073333333333332,12.52,11.933333333333334,12.366666666666665,12.366666666666665,-1.011515598,9557.857931,0.79379973,0.827393743,47.84401071,-1.011351913,266.19740409999997,264.841705,2.53521337,2.302828524,855360.4651,6489641233,855360.4651,6489641233,199287.3233,1511997904.0,39,676917.6049,5135790792,855360.4651,6489641233,1370062.874,10394701274,2225423.339,16884342507.0,855360.4650999391,6489641232.724866
2018-06-10,Down,1070.4,1075.9,8233000,8247000,7425000,7576000,-657000,-0.0798,7445,58198185182.0,8176800,8062933,8253200,8717898,7788502.421,-0.23,0.11,-657000,0,657000,66250.0,194200.0,0.34114315100000003,25.436744100000002,8238870,8530807,-291937,-292829,14.17840376,33.80020866,7491.73,7491.73,6622.81,6764.99,52342,1076,7279129,7496.41,7496.41,6652.0,6770.31,18788.77681,251.59,1,1.04,77.95586793,11.591666666666667,12.13,11.516666666666666,12.033333333333333,12.033333333333333,-1.017404483,10762.99751,0.62768016,0.686745963,43.18739326,-1.143702121,159.3377832,158.0027819,1.7133095,2.137045587,860312.8113,5812032465,860312.8113,5812032465,199132.6718,1345284573.0,24,681094.4306,4601283267,860312.8113,5812032465,1371079.206,9262627211,2231392.017,15074659676.0,860312.8112848492,5812032465.453281
2018-06-11,Up,1071.9,1075.2,7576000,7662000,7362000,7635000,59000,0.0078,4309,32342844909.0,8032000,7882333,8188500,8781574,7595426.48,0.03,0.14,59000,59000,0,66750.0,194200.0,0.34371781700000004,25.57961295,8145967,8464451,-318484,-297960,24.20212766,22.33054751,6765.0,6922.0,6610.0,6872.0,34552,1075,7387400,6770.31,6913.83,6666.66,6881.0,11620.53954,251.59,1,1.04,79.12746552,11.11,11.74,11.1,11.7,11.7,-1.0831980959999998,9764.576315999999,0.70355741,0.718740695,43.89551106,-0.726249785,272.3297862,266.49011690000003,3.36209613,2.343036036,855432.5363,5876770198,855432.5363,5876770198,198431.8926,1363215196.0,15,682383.7943,4687935724,855432.5363,5876770198,1371076.844,9419215651,2226509.38,15295985849.0,855432.5362989592,5876770198.421671
2018-06-12,Down,1072.7,1077.2,7635000,7685000,7270000,7350000,-285000,-0.0373,5044,37952946026.0,7827000,7655000,8089600,8854312,7324888.185,0.02,0.19,-285000,0,285000,62333.333329999994,209333.3333,0.297770701,22.94478528,8023510,8381899,-358389,-310046,7.174887892,15.18513977,6872.0,6890.51,6435.0,6530.0,36722,1077,7032810,6881.0,6885.84,6450.0,6545.0,10820.923040000001,251.59,1,1.04,81.72594579,11.485,11.86,11.16,11.29,11.29,-1.232383231,9428.866784,0.69442597,0.742195328,41.74631067,-0.565293865,391.0519667,388.1661142,3.55501788,2.450840101,853450.8613,5588097532,853450.8613,5588097532,198163.0545,1297502324.0,19,683548.9656,4475639385,853450.8613,5588097532,1373888.15,8995738746,2227339.011,14583836278.0,853450.8612738992,5588097531.820045
2018-06-13,Down,1072.7,1077.2,7350000,7390000,6951000,7040000,-310000,-0.0422,4943,35453527846.0,7566800,7392667,7951700,8903530,6999869.742000001,0.02,0.24,-310000,0,310000,62333.333329999994,232500.0,0.268100358,21.14188807,7872201,8282499,-410298,-330096,6.272022551,12.54967937,6530.0,6627.6,6118.68,6292.78,46186,1077,6777324,6549.47,6618.95,6135.0,6302.31,17373.41487,251.59,1,1.04,77.21992142,11.19,11.2,10.52,10.6,10.6,-1.596434076,9561.739051,0.65758618,0.7038960790000001,40.13956395,-0.687688483,194.060749,186.6569844,1.88408494,2.316875121,855714.7746,5380449978,855714.7746,5380449978,197908.0856,1244380238.0,19,684304.0336,4302676232,855714.7746,5380449978,1377410.592,8660699816,2233125.367,14041149793.0,855714.7745977992,5380449977.508407
2018-06-14,Up,1081.3,1083.1,7039000,7380000,6977000,7355000,315000,0.0447,6512,46891272332.0,7391200,7322067,7862400,8853049,6871750.839,0.24,0.25,315000,315000,0,130000.0,232500.0,0.559139785,35.86206897,7792632,8213795,-421164,-348310,31.17283951,14.87324998,6292.78,6720.0,6260.0,6635.98,44478,1083,7186766,6302.32,6750.0,6269.0,6638.49,14548.25526,251.59,1,1.04,82.89238195,10.73,11.59,10.61,11.53,11.53,-1.5852712340000001,8937.788784999999,0.74254132,0.753076482,42.303718599999996,-0.904169799,370.52892710000003,358.8032444,3.4308233999999995,2.528149504,855369.6641,5676812604,855369.6641,5676812604,198811.8698,1319450263.0,17,684788.9289,4544723277,855369.6641,5676812604,1375763.132,9130496224,2231132.796,14807308829.0,855369.6641431792,5676812604.201594
2018-06-15,Down,1087.3,1097.7,7363000,7399000,7151000,7180000,-175000,-0.0238,3302,24092415997.0,7312000,7251667,7744400,8750837,6737963.0370000005,0.22,0.26,-175000,0,175000,130000.0,261500.0,0.497131931,33.20561941,7698381,8137218,-438837,-366415,31.19891008,22.88125738,6638.67,6666.66,6362.31,6388.9,30018,1098,7015012,6638.49,6660.0,6370.0,6391.22,7028.638928,251.59,1,1.04,80.42645894,11.29,11.29,10.9,10.95,10.95,-1.704712094,8938.788789,0.7178576,0.756501713,39.25220511,-0.351401928,659.7147318,651.5554866,5.73664984,3.1738850089999997,857541.3443,5502652003,857541.3443,5502652003,197082.6546,1264635544.0,26,685421.3889,4398196546,857541.3443,5502652003,1373696.803,8814706736,2231238.147,14317358739.0,857541.3442983893,5502652003.413658
2018-06-16,Up,1087.3,1097.7,7180000,7336000,7116000,7277000,97000,0.0135,2031,14662383633.0,7240400,7240000,7636200,8586136,6686264.086,0.31,0.25,97000,97000,0,157000.0,261500.0,0.600382409,37.51493429,7633553,8073498,-439945,-381121,44.41416894,35.59530618,6380.01,6560.0,6320.86,6483.98,22277,1098,7119410,6391.21,6549.99,6330.0,6484.29,4521.329563,251.59,1,1.04,78.06466384000001,11.139999999999999,11.323333333333332,10.853333333333333,10.983333333333333,10.983333333333333,-1.5889801940000001,8239.763154,0.78793041,0.805910661,39.83929751,-1.018357329,170.6703135,166.9021634,1.74153381,3.0605022139999996,856532.6739,5560918470,856532.6739,5560918470,196195.7258,1273773282.0,22,685934.0099,4453330529,856532.6739,5560918470,1374950.32,8926672461,2231482.994,14487590931.0,856532.6738600793,5560918470.462224
2018-06-17,Down,1087.3,1097.7,7275000,7329000,7206000,7218000,-59000,-0.0081,1502,10927666174.0,7214000,7232533,7520500,8357434,6683565.9520000005,0.32,0.22,-59000,0,59000,157000.0,265666.6667,0.590966123,37.14511041,7569622,8010128,-440506,-392998,59.59821429,45.0704311,6482.5,6589.03,6422.0,6449.61,19847,1098,7081672,6484.3,6570.01,6428.14,6447.16,3275.097925,251.59,1,1.04,75.70286874,10.99,11.356666666666667,10.806666666666667,11.016666666666667,11.016666666666667,-1.341005746,8713.106268000001,0.73960344,0.769415293,39.60197033,-1.144573056,269.41464510000003,268.7344725,4.56634992,3.4680794169999998,857709.9043,5527291333,857709.9043,5527291333,198243.7572,1277531011.0,23,685348.6098,4416553210,857709.9043,5527291333,1385204.9530000002,8926597785,2242914.858,14453889118.0,857709.9043136692,5527291332.804475
2018-06-18,Up,1100.5,1104.8,7231000,7550000,7135000,7461000,243000,0.0337,3051,22285457937.0,7298200,7314867,7432500,8066228,6798772.456,0.52,0.17,243000,243000,0,178500.0,297200.0,0.600605653,37.52364936,7552911,7969452,-416541,-397707,84.46771379,62.826699,6444.06,6794.38,6380.0,6712.46,31821,1105,7417268,6447.15,6807.64,6385.0,6709.02,8046.055934999999,251.59,1,1.04,73.34107364,10.84,11.39,10.76,11.05,11.05,-1.0875707140000002,8342.205388,0.80427533,0.801977921,41.05432828,-0.7322809140000001,174.15697680000002,171.67784469999998,1.64299035,3.222492877,859343.238,5765703301,859343.238,5765703301,198908.1654,1334560412.0,27,686411.9959,4605433237,859343.238,5765703301,1387239.737,9307587908,2246582.975,15073291209.0,859343.2380110392,5765703301.408407
2018-06-19,Up,1102.7,1109.1,7461000,7649000,7370000,7553000,92000,0.0123,3830,28804682229.0,7337800,7399800,7364500,7728646,7000353.601,0.76,0.1,92000,92000,0,161200.0,207250.0,0.7778045840000001,43.75084815,7552924,7938603,-385679,-395301,81.98874296,75.35155701,6711.39,6841.74,6653.0,6741.21,24311,1109,7476002,6709.19,6829.06,6670.01,6736.41,6155.181874,251.59,1,1.04,71.81919903,11.16,11.4,10.79,11.0,11.0,-1.243270758,8827.591511,0.76340528,0.8066472790000001,41.22450041,-0.7948353340000001,314.2361901,307.1731851,3.74090702,3.249048469,859199.2015,5790169195,859199.2015,5790169195,200418.8525,1350628660.0,32,687996.1932,4636426986,859199.2015,5790169195,1384997.7340000002,9333541279,2244196.935,15123710474.0,859199.2014633692,5790169194.637689
2018-06-20,Down,1103.0,1105.1,7553000,7594000,7110000,7538000,-15000,-0.002,5808,42569533207.0,7409400,7466533,7360700,7716639,7004760.623,0.75,0.1,-15000,0,15000,186750.0,168800.0,1.106338863,52.52425819,7550628,7908929,-358301,-387901,79.40630798,81.95425491,6740.0,6817.23,6551.81,6761.51,26360,1105,7471469,6736.41,6817.0,6557.66,6759.18,6683.293571,251.59,1,1.04,69.75109137,10.91,11.12,10.8175,10.9,10.9,-1.008363525,8828.591511,0.76518359,0.847954442,41.35022754,-0.856575155,242.2614526,235.8663296,2.55012055,3.344196413,860787.7463,5815045882,860787.7463,5815045882,199139.4448,1345285192.0,34,688091.9088,4648400303,860787.7463,5815045882,1384884.0580000002,9355575020,2245671.804,15170620902.0,860787.7463177692,5815045881.661844
2018-06-21,Down,1105.1,1112.8,7538000,7580000,7445000,7511000,-27000,-0.0036,3079,23106255437.0,7456200,7500400,7348300,7672364,7024235.747,0.75,0.09,-27000,0,27000,186750.0,117200.0,1.593430034,61.44102648,7544532,7879453,-334921,-377305,74.39703154,78.59736083,6763.21,6795.0,6672.57,6718.84,25429,1113,7478069,6759.54,6787.0,6682.3,6719.01,4385.002797,251.59,1,1.04,67.67419728,10.85,10.9,10.7,10.7,10.7,-0.656800955,8050.598142,0.83463902,0.876977428,41.09718763,-0.657552978,311.7715377,307.24436210000005,2.73483805,3.244769934,858121.2698,5766011433,858121.2698,5766011433,199905.5175,1343233806.0,37,688449.3892,4625927814,858121.2698,5766011433,1385132.2419999999,9307179094,2243253.511,15073190527.0,858121.2697828291,5766011433.303927
2018-06-22,Down,1107.4,1107.4,7511000,7537000,6870000,6962000,-549000,-0.0731,6853,49553362438.0,7405000,7335667,7309500,7707854,6911146.137,0.06,0.11,-549000,0,549000,186750.0,165000.0,1.131818182,53.09168443,7454911,7811493,-356582,-373160,11.81001284,55.20445078,6717.69,6733.97,5918.94,6045.0,52157,1107,6691815,6719.01,6725.0,5921.21,6059.82,18193.25099,251.59,1,1.04,75.75356079,10.33,10.33,10.06,10.1,10.1,-0.67203104,9064.587309,0.66687941,0.735879926,36.95512792,-0.7158373,286.0456163,274.4785431,2.40374467,2.7686406239999997,864470.7947,5225714428,864470.7947,5225714428,197722.0668,1195227257.0,28,690198.0757,4172238165,864470.7947,5225714428,1386013.4819999998,8378433019,2250484.277,13604147447.0,864470.7947469691,5225714427.971046
2018-06-23,Up,1107.4,1107.4,6965000,7100000,6845000,7030000,68000,0.0098,3079,21493652923.0,7318800,7210667,7308500,7709596,6907404.251,0.15,0.11,68000,68000,0,125000.0,165000.0,0.757575758,43.10344828,7389540,7753605,-364065,-371341,23.00995025,36.40566488,6045.92,6260.0,6008.48,6149.98,26623,1107,6808028,6059.82,6250.0,6040.01,6178.29,6070.2078710000005,251.59,1,1.04,72.20240464333332,10.248333333333333,10.296666666666667,9.94,10.0,10.0,-0.515429583,8555.704273000001,0.71995008,0.7359067640000001,37.55951393,-0.9440999729999999,170.40519719999998,169.042298,2.13006497,2.824145076,862383.5566,5312006746,862383.5566,5312006746,197070.0814,1213888639.0,17,690221.7714,4251545241,862383.5566,5312006746,1386645.164,8541290483,2249028.721,13853297229.0,862383.5566449991,5312006746.195068
2018-06-24,Down,1107.4,1107.4,7030000,7144000,6622000,6992000,-38000,-0.0054,5399,36910107014.0,7206600,7101733,7272200,7713574,6830825.964,0.18,0.12,-38000,0,38000,125000.0,137600.0,0.9084302329999999,47.60091394,7328380,7697190,-368809,-370835,38.06584362,24.2952689,6149.98,6259.8,5750.0,6136.97,47446,1107,6793626,6178.29,6255.8,5777.0,6149.99,13211.31954,251.59,1,1.04,68.65124849666667,10.166666666666668,10.263333333333334,9.82,9.9,9.9,-0.172851206,8006.337334000001,0.76665456,0.765850197,37.46776778,-0.922971085,375.9851175,361.7440752,4.04285073,2.749359477,867653.9922,5325742631,867653.9922,5325742631,194683.7097,1194987105.0,15,691271.7819,4243091868,867653.9922,5325742631,1389435.792,8528488891,2257089.785,13854231522.0,867653.992228909,5325742631.4303055
2018-06-25,Up,1112.5,1117.2,6985000,7129000,6861000,7036000,44000,0.0063,4419,30892837730.0,7106200,7044867,7257800,7719208,6796391.893999999,0.26,0.13,44000,44000,0,111750.0,137600.0,0.812136628,44.81652296,7283399,7648213,-364814,-369631,43.21503132,34.763608399999995,6137.95,6350.0,6061.97,6252.0,39165,1117,6983484,6150.0,6340.01,6070.13,6246.01,9237.288448000001,251.59,1,1.04,65.10009235,10.085,10.23,9.7,9.8,9.8,0.167481064,8721.278240000001,0.71643206,0.7301286659999999,36.78351401,-0.7683081209999999,176.7697021,173.072977,1.55061142,2.736162487,864204.5746,5399725904,864204.5746,5399725904,192081.9106,1200166834.0,16,691288.8818,4319313496,864204.5746,5399725904,1390326.6730000002,8687043751,2254531.247,14086769655.0,864204.5746399391,5399725903.944302
2018-06-26,Down,1113.3,1114.8,7034000,7070000,6861000,6900000,-136000,-0.0193,3142,21953994619.0,6984000,6976133,7220100,7728306,6711894.176,0.19,0.14,-136000,0,136000,111750.0,153000.0,0.730392157,42.20963173,7224414,7592790,-368375,-369380,30.38251366,37.22112953,6252.0,6272.54,6035.0,6070.78,19377,1115,6768920,6246.01,6271.0,6006.39,6074.0,6680.681749,251.59,1,1.04,59.93411338,9.86,9.88,9.2,9.23,9.23,0.14280362300000002,9379.360847,0.64763075,0.678313742,35.67903742,-0.83411401,259.11492230000005,256.5883753,2.84741673,2.6085210169999997,864986.9086,5254244041,864986.9086,5254244041,193689.5568,1176540580.0,21,692185.2878,4204584355,864986.9086,5254244041,1390525.861,8446558143,2255512.769,13700802184.0,864986.9086188892,5254244040.705507
2018-06-27,Up,1116.3,1117.6,6894000,6970000,6830000,6925000,25000,0.0036,3051,21055052322.0,6976600,6956467,7190800,7729011,6652589.038,0.25,0.15,25000,25000,0,57250.0,153000.0,0.374183007,27.229488699999997,7178351,7543324,-364973,-368498,58.04597701,43.881174,6065.89,6190.43,5971.0,6133.73,19226,1118,6857510,6074.01,6175.43,5983.56,6132.17,7061.4362439999995,251.59,1,1.04,46.23230954,9.075,9.08,8.34,8.52,8.52,-0.21474942600000002,11318.24532,0.54208403,0.553994294,36.02282107,-0.766797348,527.3444529,522.2980692,6.35354763,3.151867743,868622.0922,5329378729,868622.0922,5329378729,190968.4654,1171675561.0,18,692606.4666,4249445420,868622.0922,5329378729,1392347.7019999998,8542665788,2260969.795,13872044517.0,868622.0922186791,5329378729.482172
2018-06-28,Down,1118.7,1124.2,6925000,6965000,6649000,6682000,-243000,-0.0351,2656,18234794915.0,6907000,6858267,7112900,7695777,6530023.375,0.13,0.16,-243000,0,243000,45666.66667,168000.0,0.27182539699999997,21.37285491,7101989,7479522,-377533,-370305,11.49425287,33.30758118,6134.73,6173.01,5827.0,5853.98,30585,1124,6579874,6132.16,6161.47,5816.6,5851.66,7769.8116469999995,251.59,1,1.04,60.82942408,8.495,9.24,8.24,8.94,8.94,-0.22523877399999997,8723.978877,0.67178091,0.712563567,34.354066700000004,-0.429056448,310.0647369,305.7119928,2.81877034,3.16385807,874327.7612,5124087463,874327.7612,5124087463,192567.4071,1128561027.0,20,692609.2297,4059107383,874327.7612,5124087463,1393654.769,8167656621,2267982.53,13291744084.0,874327.7611710991,5124087462.938746
2018-06-29,Up,1113.1,1114.5,6671000,7078000,6590000,6958000,276000,0.0413,3608,24293395793.0,6900200,6875267,7053400,7561048,6545751.932999999,0.41,0.14,276000,276000,0,103250.0,198600.0,0.519889225,34.20573132,7079837,7440891,-361054,-368455,68.27458256,45.93827082,5851.01,6300.0,5780.0,6197.92,33911,1115,6910681,5850.25,6300.0,5790.01,6202.36,11065.12249,251.59,1,1.04,44.7909053,8.265,8.69,8.25,8.53,8.53,-0.11107876300000001,9071.627043999999,0.6826405,0.664681114,36.31431387,-0.829158255,207.0542335,191.7926086,1.83233835,3.082228596,879452.0816,5446147728,879452.0816,5446147728,191621.6948,1186648005.0,16,693051.3328,4291831267,879452.0816,5446147728,1393674.886,8630554719,2273126.9669999997,14076702446.0,879452.0816059792,5446147727.678083
2018-06-30,Up,1113.1,1114.5,6958000,7290000,6950000,7164000,206000,0.0296,5214,37267746906.0,6925800,6963200,7016000,7419819,6612181.228999999,0.68,0.12,206000,206000,0,123800.0,241500.0,0.5126294,33.88995346,7092785,7420380,-327595,-360283,82.0,53.92294514,6197.92,6528.99,6186.03,6390.07,37920,1115,7124928,6202.36,6520.15,6185.0,6383.19,6783.384503,251.59,1,1.04,50.62591693333333,8.596666666666668,9.226666666666667,8.566666666666666,9.086666666666666,9.086666666666666,0.057715752,9716.004852,0.6589357,0.666983622,37.40644117,-0.842501965,242.7815185,239.2420937,2.89025617,3.1908273389999997,880839.3284,5639329367,880839.3284,5639329367,194487.9342,1245155028.0,22,692899.5941,4436097372,880839.3284,5639329367,1394395.947,8927233106,2275235.275,14566562473.0,880839.3284408692,5639329367.429023
2018-07-01,Down,1113.1,1114.5,7164000,7212000,7002000,7109000,-55000,-0.0077,3151,22440527345.0,6967600,7024267,6975800,7224908,6726691.51,0.77,0.07,-55000,0,55000,123800.0,118000.0,1.049152542,51.199338299999994,7095280,7397315,-302035,-348634,74.14285714,74.80581323,6391.08,6441.06,6251.0,6356.81,27563,1115,7087843,6383.19,6424.14,6256.76,6349.5,4069.0569909999995,251.99,1,0.4,56.46092856666667,8.928333333333333,9.763333333333334,8.883333333333333,9.643333333333333,9.643333333333333,0.03198569,9320.433226000001,0.68134735,0.690742335,37.18674864,-0.99635325,558.9938725,558.8495982000001,16.44099625,4.961990984,880728.4641,5593024277,880728.4641,5593024277,195428.2128,1241057583.0,27,692847.8302,4399897235,880728.4641,5593024277,1395076.6840000001,8859368217,2275805.148,14452392494.0,880728.4641430991,5593024276.9387045
2018-07-02,Up,1113.7,1120.0,7109000,7358000,7024000,7297000,188000,0.0264,5926,42865998436.0,7042000,7134067,7009300,7323557,6695042.717,0.96,0.09,188000,188000,0,147800.0,118000.0,1.252542373,55.60571859,7126314,7389884,-263571,-331621,92.05729167,82.73338294,6360.82,6685.0,6271.62,6615.29,36230,1120,7409125,6349.5,6669.99,6270.01,6611.79,8287.965295999998,251.99,1,0.4,62.2959402,9.26,10.3,9.2,10.2,10.2,0.40640702100000003,9718.047402,0.68093274,0.674729789,38.66894208,-0.736159825,352.50937319999997,348.7018388,3.23403095,5.202479489,884598.5531,5853686441,884598.5531,5853686441,197562.5232,1307337728.0,27,692778.2382,4584346837,884598.5531,5853686441,1394366.395,9226991870,2278964.9480000003,15080678311.0,884598.5531229392,5853686440.863656
2018-07-03,Up,1117.3,1118.7,7289000,7399000,7231000,7298000,1000,0.0001,5240,38445121264.0,7165200,7219400,7036100,7395339,6676861.416,0.86,0.1,1000,1000,0,123333.3333,144666.6667,0.852534562,46.0199005,7152727,7383078,-230351,-311367,87.51545117,84.57186666,6615.29,6679.35,6463.01,6513.86,38658,1119,7289009,6611.79,6673.99,6465.0,6502.62,6501.265779,251.99,1,0.4,61.97518463,10.305,10.31,9.8,10.01,10.01,0.649470225,11813.454179999999,0.55039342,0.570786604,38.03584024,-0.69900784,299.9560182,293.6320602,3.70316072,5.32472863,866975.7590000001,5637117567,866975.7590000001,5637117567,191529.6617,1245334958.0,31,693164.6058,4506989192,866975.7590000001,5637117567,1394566.886,9067540138,2261542.645,14704657704.0,866975.7590439392,5637117566.652246
2018-07-04,Up,1112.4,1114.5,7298000,7500000,7104000,7329000,31000,0.0042,4985,36427212533.0,7239400,7274000,7069800,7467352,6672247.688999999,0.83,0.11,31000,31000,0,121166.6667,144666.6667,0.837557604,45.5799373,7179846,7379072,-199227,-288939,68.90909091,82.82727792,6511.01,6784.92,6441.11,6586.98,23572,1115,7344483,6502.62,6796.62,6411.51,6587.47,6847.855498000001,251.99,1,0.4,61.991337529999996,10.1625,10.31,9.875,10.030000000000001,10.030000000000001,0.6276270389999999,10227.5726,0.6432745,0.652740555,38.51953199,-0.8872254709999999,300.27734080000005,292.6569563,1.97550882,4.699294514,867195.4091,5705397113,867195.4091,5705397113,191675.0389,1261056276.0,33,692988.2977,4559264719,867195.4091,5705397113,1393221.2340000002,9166192906,2260416.643,14871590019.0,867195.4091270992,5705397113.35599
2018-07-05,Up,1115.2,1118.6,7329000,7445000,7270000,7377000,48000,0.0065,4272,31508927550.0,7282000,7319867,7103900,7540579,6667221.216,0.81,0.12,48000,48000,0,110714.2857,149000.0,0.743048897,42.62926293,7210177,7378919,-168742,-264899,75.30120482,77.24191563,6585.53,6712.0,6453.33,6529.2,35072,1119,7306175,6587.46,6700.0,6449.5,6532.95,6985.123101,251.99,1,0.4,62.00749043,10.02,10.31,9.95,10.05,10.05,0.76690556,10004.61083,0.65413539,0.66658176,38.18122386,-0.922127507,327.0910275,320.375133,2.72575856,4.686007117,871316.1041,5702214972,871316.1041,5702214972,192444.2752,1259426541.0,37,692892.8799,4534547376,871316.1041,5702214972,1390744.916,9101549305,2262061.02,14803764277.0,871316.1041412492,5702214972.458867
2018-07-06,Up,1114.1,1115.9,7377000,7488000,7282000,7480000,103000,0.013999999999999999,5356,39581194329.0,7356200,7385867,7161900,7627929,6695871.288,0.84,0.13,103000,103000,0,121857.1429,149000.0,0.8178331740000001,44.98945148,7251688,7386406,-134718,-238863,95.79831933,80.00287169,6529.2,6648.54,6425.0,6609.78,29397,1116,7376514,6532.96,6639.0,6452.2,6600.0,5215.293068,251.99,1,0.4,63.05923566,10.085,10.28,10.03,10.23,10.23,0.754735667,8567.448253,0.77081294,0.772169159,40.01649122,-0.8346291690000001,306.98661089999996,298.9699188,2.71669567,4.812343877,869902.2153,5744747239,869902.2153,5744747239,191364.9585,1263755049.0,34,692777.5161,4575033438,869902.2153,5744747239,1389704.5969999998,9177470189,2259606.812,14922217429.0,869902.2152750292,5744747239.454765
2018-07-07,Up,1114.1,1115.9,7480000,7638000,7361000,7550000,70000,0.0094,2078,15484116512.0,7406800,7450467,7224400,7713642,6735157.973999999,0.83,0.14,70000,70000,0,115375.0,55000.0,2.0977272730000003,67.71826853,7297582,7398524,-100942,-211279,83.52059925,84.87337447,6609.79,6818.16,6508.88,6756.98,23974,1116,7540790,6599.99,6843.26,6512.0,6753.28,4496.265915999999,251.99,1,0.4,62.958057276666665,10.18,10.406666666666666,10.103333333333333,10.253333333333334,10.253333333333334,1.0738999040000001,8788.126177,0.76885446,0.753496347,40.94530265,-0.8849758670000001,538.1787195,536.6745063,5.78686795,5.22614556,868691.6378,5869566971,868691.6378,5869566971,190648.7514,1288173577.0,34,692766.0348,4680874616,868691.6378,5869566971,1391391.396,9401339472,2260083.034,15270906443.0,868691.6378093893,5869566971.434103
2018-07-08,Down,1114.1,1115.9,7564000,7585000,7450000,7516000,-34000,-0.0045,2801,21068399562.0,7450400,7486867,7307800,7665387,6950212.752,0.79,0.1,-34000,0,34000,92428.57143,44500.0,2.077046549,67.50130412,7331185,7407226,-76041,-184231,77.15355805,85.49082554,6753.48,6780.0,6667.44,6712.1,24623,1116,7490704,6753.29,6778.31,6671.0,6701.97,3321.525298,251.99,1,0.4,62.85687889333333,10.275,10.533333333333333,10.176666666666666,10.276666666666667,10.276666666666667,1.197468788,8677.884074,0.77284815,0.780920756,40.63922929,-0.945460905,289.1443651,285.81638799999996,3.24881309,3.3415479660000003,868496.4516,5824733572,868496.4516,5824733572,190775.0712,1279468627.0,38,693378.4042,4650271699,868496.4516,5824733572,1392745.0280000002,9340704510,2261241.48,15165438082.0,868496.4516428292,5824733572.283169
2018-07-09,Down,1109.7,1112.2,7515000,7623000,7451000,7474000,-42000,-0.0056,3714,27893238458.0,7479400,7494733,7359400,7641044,7077755.969,0.7,0.08,-42000,0,42000,73500.0,43666.66667,1.683206107,62.7311522,7353157,7412172,-59016,-159188,55.43478261,72.03631329999999,6712.1,6802.06,6612.24,6662.12,26732,1112,7408277,6701.97,6815.82,6625.0,6664.01,5254.129649,251.99,1,0.4,62.75570051,10.37,10.66,10.25,10.3,10.3,1.324415159,10082.659440000001,0.66057969,0.670805361,40.42938256,-0.6495316179999999,218.4580946,216.95437760000002,3.36089376,3.359671224,863775.1588,5753088068,863775.1588,5753088068,190120.2606,1266276984.0,39,692982.3671,4615539758,863775.1588,5753088068,1394526.487,9288104213,2258301.6459999997,15041192281.0,863775.1588166192,5753088067.78221
2018-07-10,Down,1109.9,1116.0,7474000,7518000,7127000,7140000,-334000,-0.0447,5200,38071008837.0,7432000,7381600,7357000,7645587,7068413.097999999,0.12,0.08,-334000,0,334000,73500.0,136666.6667,0.537804878,34.97224425,7320363,7392012,-71648,-141680,2.544031311,45.04412399,6662.78,6681.0,6263.0,6296.91,38561,1116,7027352,6664.01,6679.47,6279.0,6303.7,8177.710417,251.99,1,0.4,54.84414434,9.57,9.85,9.25,9.27,9.27,0.990695285,9203.964587,0.68473617,0.709617232,38.26223126,-0.799083773,416.2642702,410.57447169999995,4.95552703,3.538580697,863537.13,5442259260,863537.13,5442259260,189512.9284,1194364960.0,37,693384.5163,4369908570,863537.13,5442259260,1399746.466,8821604655,2263283.596,14263863915.0,863537.1299858693,5442259260.095819
2018-07-11,Up,1119.1,1120.0,7141000,7269000,7110000,7226000,86000,0.012,3914,28194990186.0,7381200,7312933,7368700,7623646,7113753.653,0.22,0.07,86000,86000,0,56500.0,136666.6667,0.413414634,29.24935289,7305846,7379714,-73868,-128118,21.96969697,26.64950363,6296.91,6406.0,6278.99,6378.07,28715,1120,7143438,6303.69,6400.0,6281.01,6390.04,5038.303478,251.99,1,0.4,54.21735394,9.425,9.54,9.23,9.35,9.35,0.894652143,10159.449509999999,0.62764474,0.6298553020000001,38.755435799999994,-0.96569549,227.90230319999998,221.2673662,2.84877879,3.66333355,854156.8842,5446552726,854156.8842,5446552726,188585.5327,1202520364.0,29,693268.1973,4420641992,854156.8842,5446552726,1397724.465,8912624991,2251881.349,14359177717.0,854156.8841995093,5446552726.020276
2018-07-12,Down,1125.3,1125.9,7227000,7230000,6941000,7090000,-136000,-0.0188,3725,26333567342.0,7289200,7215867,7348000,7651804,7044196.116,0.08,0.08,-136000,0,136000,67600.0,136500.0,0.495238095,33.12101911,7272639,7358254,-85615,-119617,21.84750733,15.453745199999998,6378.07,6380.28,6070.0,6250.57,31307,1126,7038142,6390.04,6390.04,6075.01,6249.75,9411.457948000001,251.99,1,0.4,56.86073648,9.05,9.4,8.85,9.31,9.31,0.893532676,9728.132508,0.62936437,0.642496614,36.64914153,-0.667979425,178.81263140000001,174.583337,2.70928229,3.660979797,854134.5009999999,5229472648,854134.5009999999,5229472648,187491.7429,1147925695.0,33,694622.054,4252851310,854134.5009999999,5229472648,1396279.618,8548777810,2250414.119,13778250458.0,854134.5010146193,5229472647.842047
2018-07-13,Down,1122.0,1123.5,7094000,7165000,6973000,7054000,-36000,-0.0051,3730,26379295131.0,7196800,7137467,7323600,7675011,6972188.902000001,0.12,0.1,-36000,0,36000,76750.0,116400.0,0.659364261,39.73595651,7239002,7335717,-96715,-115037,16.56891496,20.12870642,6251.4,6350.0,6110.0,6214.57,26375,1124,6985177,6246.68,6335.09,6121.53,6216.29,5975.710385,251.99,1,0.4,56.44826763,9.41,9.55,9.2,9.24,9.24,0.86233139,9593.074711,0.64705115,0.653249221,36.47197932,-0.890385625,183.3834387,179.0594362,1.89055091,3.542959117,856179.5045,5314485982,856179.5045,5314485982,187029.2707,1160929959.0,29,692775.4197,4300202513,856179.5045,5314485982,1388373.51,8617925932,2244553.014,13932411915.0,856179.5045497292,5314485982.436125
2018-07-14,Up,1122.0,1123.5,7054000,7160000,7036000,7109000,55000,0.0078,1979,14008581892.0,7123800,7108200,7301600,7675717,6927483.227000001,0.24,0.1,55000,55000,0,78500.0,116400.0,0.674398625,40.27706516,7219002,7318923,-99921,-112014,29.11611785,22.51084671,6214.57,6335.0,6178.0,6251.99,17783,1124,7027237,6216.29,6323.68,6187.0,6248.65,3044.8181059999997,251.99,1,0.4,58.033430743333334,9.565,9.81,9.406666666666666,9.593333333333334,9.593333333333334,0.807428611,10315.35852,0.60585647,0.605600157,36.66847996,-0.9105064820000001,154.96855680000002,154.7930524,2.4213837000000002,3.062175653,853724.5836,5335459924,853724.5836,5335459924,186010.8271,1162498225.0,29,692895.2189,4330336437,853724.5836,5335459924,1388678.899,8678724677,2242403.482,14014184601.0,853724.5836307892,5335459923.850723
2018-07-15,Up,1122.0,1123.5,7109000,7226000,7088000,7178000,69000,0.0097,2386,17095281209.0,7131400,7126267,7281700,7658815,6904584.58,0.36,0.1,69000,69000,0,70000.0,116400.0,0.60137457,37.55364807,7212694,7308484,-95790,-108769,72.25609756,39.31371012,6250.9,6395.0,6225.4,6353.01,22979,1124,7140783,6248.65,6385.35,6233.26,6348.73,3882.969453,251.99,1,0.4,59.618593856666664,9.72,10.07,9.613333333333333,9.946666666666667,9.946666666666667,0.8622164040000001,10316.35852,0.61491514,0.613551111,37.25438674,-0.81592977,498.37710930000003,497.1345404,2.98429407,3.0243872210000005,851848.8178,5403860568,851848.8178,5403860568,185649.7144,1177703309.0,32,693031.637,4396374400,851848.8178,5403860568,1388187.24,8806222573,2240036.058,14210083141.0,851848.8178325992,5403860567.952393
2018-07-16,Up,1127.3,1129.2,7179000,7468000,7140000,7454000,276000,0.0385,6216,45460277465.0,7177000,7233800,7279100,7651034,6907166.188999999,0.74,0.1,276000,276000,0,121500.0,116400.0,1.0438144329999999,51.07187894,7249818,7319263,-69445,-100904,97.34345351,66.23855631,6354.15,6747.3,6330.4,6723.35,36205,1129,7590662,6348.73,6750.0,6330.3,6728.81,9147.406015999999,251.99,1,0.4,61.20375697,9.875,10.33,9.82,10.3,10.3,0.814197501,11434.96403,0.5875928,0.573450334,39.46565808,-0.859722178,225.22043100000002,222.9054159,3.21743473,3.0038930739999996,856569.0,5755374909,856569.0,5755374909,187538.4018,1260089744.0,36,692889.354,4655594591,856569.0,5755374909,1389943.55,9339173183,2246512.55,15094548092.0,856568.9999567291,5755374909.031758
2018-07-17,Up,1122.9,1124.1,7454000,8140000,7419000,8080000,626000,0.084,8867,68446683084.0,7375000,7534800,7332100,7927348,6736851.85,1.13,0.16,626000,626000,0,222400.0,137000.0,1.623357664,61.88091263,7377538,7375614,1924,-80339,94.85861183,88.15272097,6723.33,7468.99,6652.04,7317.44,52105,1124,8224803,6728.8,7472.5,6663.51,7315.01,15644.40972,251.99,1,0.4,65.2893305,10.45,11.6,10.32,11.49,11.49,0.5013039020000001,8631.161532,0.84848951,0.798044442,42.91342031,-0.90943656,472.2610415,466.897058,2.01820958,2.584276296,862549.9820000001,6316841666,862549.9820000001,6316841666,186999.5388,1369481773.0,39,692782.786,5073560094,862549.9820000001,6316841666,1393065.648,10202046622,2255615.63,16518888288.0,862549.9819915491,6316841665.616011
2018-07-18,Up,1126.7,1132.3,8080000,8450000,8071000,8302000,222000,0.0275,9226,76253964448.0,7624600,7843800,7410700,8242784,6578616.326,1.04,0.22,222000,222000,0,222333.3333,168666.6667,1.318181818,56.8627451,7519763,7444235,75528,-49165,89.53323904,93.91176812,7317.44,7588.08,7225.38,7381.9,59488,1132,8356311,7315.0,7584.85,7229.89,7378.99,15774.39906,251.99,1,0.4,54.47578338,11.78,12.16,10.75,10.83,10.83,0.262137542,7888.095888,0.93152677,0.942041936,43.30954376,-0.52953479,191.2799099,187.7472654,2.73257014,2.56767506,863496.4459,6344948139,863496.4459,6344948139,186830.4191,1372824781.0,42,693078.0946,5092718780,863496.4459,6344948139,1396503.832,10261471753,2260000.278,16606419891.0,863496.4459373392,6344948138.595305
2018-07-19,Up,1128.9,1133.2,8292000,8512000,8157000,8443000,141000,0.017,6092,50624771672.0,7891400,8116600,7507600,8546570,6468629.664,0.95,0.28,141000,141000,0,210714.2857,86000.0,2.4501661130000003,71.01588829999999,7661800,7518218,143582,-10616,95.15449438,93.18211508,7381.88,7576.28,7270.0,7466.21,41218,1133,8459216,7378.99,7581.0,7281.42,7470.01,9985.497944,251.99,1,0.4,54.30334412,10.945,11.35,10.56,10.95,10.95,0.294284852,8027.483533,0.93065612,0.920599382,43.85381504,-0.330856306,611.2893993,605.7938349,7.36493252,3.23276795,867530.3516,6481168885,867530.3516,6481168885,187882.1389,1403634893.0,44,692901.9905,5176550668,867530.3516,6481168885,1393186.948,10408258202,2260717.299,16889427087.0,867530.3516120992,6481168884.969273
2018-07-20,Down,1130.9,1133.7,8443000,8671000,8300000,8351000,-92000,-0.0109,7481,63135854964.0,8126000,8269800,7628700,8747305,6510095.494,0.82,0.29,-92000,0,92000,231500.0,88000.0,2.6306818180000002,72.45696401,7767830,7579905,187925,29092,79.09862835,87.92878726,7468.86,7700.0,7273.0,7337.53,46140,1134,8320759,7470.01,7687.0,7259.76,7334.46,10406.319,251.99,1,0.4,57.85821419,11.2,11.59,10.865,11.0,11.0,0.47924852700000004,8914.634309000001,0.82264358,0.830760979,43.83063825,-0.70859266,191.9870425,190.5230076,1.82844802,3.2238961089999996,873295.34,6404369595,873295.34,6404369595,190945.4837,1400311435.0,47,693014.4108,5082267383,873295.34,6404369595,1396893.0080000001,10244208003,2270188.348,16648577598.0,873295.3399615291,6404369595.300116
2018-07-21,Up,1130.9,1133.7,8351000,8387000,8185000,8367000,16000,0.0019,3409,28298722220.0,8308600,8350133,7742800,8905714,6579886.142000001,0.77,0.3,16000,16000,0,200714.2857,64000.0,3.136160714,75.82298975,7860010,7638209,221802,67634,75.71884984,83.32399086,7337.47,7458.47,7211.0,7398.78,28886,1134,8390217,7334.46,7444.77,7204.32,7408.0,5079.339249000001,251.99,1,0.4,57.8688545,11.36,11.683333333333334,11.043333333333333,11.193333333333333,11.193333333333333,0.7243986579999999,10021.82981,0.73924749,0.7279226440000001,44.2418886,-0.9526550109999999,240.21086630000002,239.44849449999998,2.89410682,3.291427983,875587.1336,6486885783,875587.1336,6486885783,190452.8023,1410991011.0,43,692791.5901,5132624434,875587.1336,6486885783,1396197.5869999998,10343886898,2271784.721,16830772681.0,875587.1336161491,6486885782.947772
2018-07-22,Down,1130.9,1133.7,8367000,8530000,8270000,8349000,-18000,-0.0022,3853,32451010552.0,8362400,8363600,7868700,8993643,6743756.606000001,0.71,0.29,-18000,0,18000,200714.2857,55000.0,3.6493506489999996,78.49162011,7935239,7690860,244380,102983,46.33333333,67.05027051,7399.25,7582.4,7335.5,7394.79,30270,1134,8385692,7408.0,7569.69,7327.75,7397.8,5599.219125,251.99,1,0.4,57.87949481,11.52,11.776666666666666,11.221666666666668,11.386666666666667,11.386666666666667,0.910300983,7544.904855,0.98178939,0.976425326,44.20687421,-0.929073285,332.89343360000004,331.91060519999996,3.91639334,3.4245850210000004,876425.4376,6492128002,876425.4376,6492128002,191046.0111,1415174760.0,46,692858.3595,5132353494,876425.4376,6492128002,1395554.197,10337578184,2271979.635,16829706186.0,876425.4375538292,6492128001.870771
2018-07-23,Up,1126.6,1131.4,8347000,8844000,8275000,8752000,403000,0.0483,9852,85355562871.0,8452400,8493467,8038500,9132466,6944533.547,0.83,0.27,403000,403000,0,250428.5714,55000.0,4.553246753,81.99251637,8060895,7769463,291432,140673,86.60844250000001,69.55354189,7394.78,7833.0,7375.0,7721.01,41646,1131,8732462,7400.0,7809.0,7378.26,7720.09,12449.92346,251.99,1,0.4,57.89013512,11.68,11.87,11.4,11.58,11.58,0.88284549,8273.1246,0.93206824,0.9232027279999999,47.03847213,-0.45456207,273.71670889999996,267.6874772,2.71006643,3.3521038360000004,881991.6507,6801140517,881991.6507,6801140517,192621.3785,1485325922.0,44,692827.3986,5342472900,881991.6507,6801140517,1397517.727,10776422236,2279509.378,17577562753.0,881991.6506642591,6801140517.300953
2018-07-24,Up,1132.5,1135.2,8752000,9525000,8701000,9452000,700000,0.08,16484,150000000000.0,8654200,8826667,8272800,9468953,7076647.234,0.99,0.29,700000,700000,0,340571.4286,55000.0,6.1922077920000005,86.09606356,8274911,7894095,380816,188702,94.55223881,75.83133821,7721.65,8486.0,7696.0,8397.24,60121,1135,9530867,7720.08,8488.0,7695.99,8385.5,19636.00923,251.99,1,0.4,53.76295321,12.2,12.36,12.14,12.26,12.26,0.744200095,8638.350215,0.97414232,0.927976134,53.04673426,-0.594470399,233.6388409,231.0731293,1.91507247,3.337369963,886706.6033,7461620549,886706.6033,7461620549,197372.3214,1660884631.0,49,693107.3821,5832486491,886706.6033,7461620549,1400440.6369999999,11784683451,2287147.24,19246304001.0,886706.6033019491,7461620549.420344
2018-07-25,Down,1124.8,1126.3,9458000,9578000,9054000,9158000,-294000,-0.0311,11238,105000000000.0,8815600,8994600,8470800,9523398,7418202.147000001,0.83,0.25,-294000,0,294000,351333.3333,134666.6667,2.608910891,72.29080933,8410771,7987718,423053,235572,69.84924623,83.66997585,8397.24,8491.77,8050.0,8175.64,48258,1126,9205771,8390.04,8482.84,8042.0,8157.15,14713.910780000002,251.99,1,0.4,53.07635887,12.335,12.34,11.57,11.88,11.88,0.60824851,7760.873920999999,1.05591545,1.053048466,51.65735659,-0.716819538,392.5536106,375.738527,3.63475565,3.466253607,884053.4396,7244664702,884053.4396,7244664702,197735.0871,1620404765.0,54,692783.6426,5677241869,884053.4396,7244664702,1403055.8069999998,11497799141,2287109.246,18742463843.0,884053.4396104991,7244664701.681455
2018-07-26,Down,1117.0,1119.3,9158000,9299000,8815000,8950000,-208000,-0.0227,7716,70520276839.0,8932200,9039400,8620400,9455111,7785689.415,0.7,0.19,-208000,0,208000,296400.0,153000.0,1.9372549019999998,65.95460614,8493729,8058998,434731,275404,51.98776758,72.12975087,8175.63,8315.69,7850.06,7920.0,43223,1119,8862480,8157.15,8290.0,7840.0,7931.99,11869.52085,251.99,1,0.4,60.63622299,11.91,12.12,11.65,12.1,12.1,0.8732126179999999,8326.301113,0.9522833,0.9712298509999999,50.18279614,-0.714758895,262.4353972,255.25111260000003,2.22402879,2.7318387889999998,882972.7173,7001088468,882972.7173,7001088468,195629.4042,1551145056.0,53,692766.1031,5492940699,882972.7173,7001088468,1403146.855,11125547902,2286119.5719999997,18126636370.0,882972.7172940891,7001088467.99304
2018-07-27,Up,1115.4,1118.1,8950000,9259000,8780000,9122000,172000,0.0192,10051,90182962072.0,9086800,9102667,8724600,9522810,7926389.902000001,0.75,0.18,172000,172000,0,286400.0,153000.0,1.871895425,65.17979062,8590386,8137739,452647,310853,65.0038373,62.280283700000005,7920.0,8285.0,7805.0,8188.57,43671,1118,9154821,7932.0,8276.55,7787.29,8184.21,11991.35206,251.99,1,0.4,53.63421577,11.575,12.11,11.15,11.95,11.95,0.945974581,8227.584938,0.99301041,0.962828507,51.91971032,-0.7621821990000001,241.78370269999996,238.0825999,2.94858174,2.8918578910000003,883412.2890000001,7217546866,883412.2890000001,7217546866,194644.6446,1590261831.0,47,692809.7151,5660309065,883412.2890000001,7217546866,1401049.189,11446680456,2284461.478,18664227322.0,883412.2890086292,7217546865.652899
2018-07-28,Up,1115.4,1118.1,9138000,9229000,9064000,9225000,103000,0.0113,3917,35925663625.0,9181400,9148733,8816900,9611750,8022050.353999999,0.76,0.18,103000,103000,0,278800.0,153000.0,1.822222222,64.56692913,8688019,8218277,469742,342631,59.74914481,58.91358323,8188.57,8246.54,8067.0,8225.04,26215,1118,9195595,8182.64,8230.0,8065.0,8228.9,4141.050365,251.99,1,0.4,50.111666013333334,11.666666666666666,12.026666666666666,11.036666666666667,11.67,11.67,1.324393707,9476.908167,0.86460934,0.847806555,52.79562988,-0.9678155690000001,194.6441056,193.42318649999999,2.52784553,2.83953485,885531.6459,7255889862,885531.6459,7255889862,197374.8901,1617254980.0,54,692761.6871,5676366876,885531.6459,7255889862,1401783.8069999998,11485968865,2287315.453,18741858727.0,885531.6458634991,7255889862.278458
2018-07-29,Up,1115.4,1118.1,9229000,9310000,9153000,9238000,13000,0.0014,4120,38024462761.0,9138600,9167600,8896400,9684762,8108038.052999999,0.72,0.18,13000,13000,0,234500.0,173333.3333,1.352884615,57.49897834,8772632,8293812,478820,369868,57.39348371,60.71548861,8225.04,8294.51,8115.0,8211.0,25531,1118,9179898,8227.38,8289.96,8127.87,8216.34,4239.760304,251.99,1,0.4,46.589116256666664,11.758333333333333,11.943333333333333,10.923333333333334,11.389999999999999,11.389999999999999,1.555518103,8084.245611,1.01711438,0.993913485,52.68941249,-0.931325663,339.3556442,337.6816361,4.18957585,2.878560923,886010.9761,7285316068,886010.9761,7285316068,198079.4992,1628728985.0,54,692761.7790000001,5696304736,886010.9761,7285316068,1401844.951,11526813801,2287855.9269999997,18812129868.0,886010.9761493292,7285316067.512916
2018-07-30,Up,1113.4,1120.2,9238000,9280000,8955000,9270000,32000,0.0035,5499,50449604576.0,9161000,9211400,8988300,9712578,8264022.125,0.69,0.16,32000,32000,0,237166.6667,173333.3333,1.368269231,57.77507105,8849150,8366122,483028,392500,92.45283019,69.86515290000001,8210.99,8273.0,7866.0,8173.92,39692,1120,9154790,8216.33,8274.92,7850.0,8170.01,10568.96492,251.99,1,0.4,43.0665665,11.85,11.86,10.81,11.11,11.11,1.6532181369999999,10257.13197,0.79688943,0.7813316840000001,52.73658794,-0.658223471,192.0646941,188.5449728,2.0006739,2.777219133,894045.469,7307748855,894045.469,7307748855,198981.6399,1626436128.0,53,692974.1817,5664232367,894045.469,7307748855,1398554.0,11431500682,2292599.469,18739249536.0,894045.4690050092,7307748854.553144
